Sezon,Wyścig,Poz.,Nazwisko,Grupa,lvl
83,13.09-10 18:45:02.011508,1,George Slater,Elite,10
83,13.09-10 18:45:02.011508,2,Ania Piekarska,Elite,10
83,13.09-10 18:45:02.011508,3,Rafal Celejewski,Master - 5,9
83,13.09-10 18:45:02.011508,4,Rimantas Sagatas,Elite,9
83,13.09-10 18:45:02.011508,5,Miel Soeterbroek,Elite,9
83,13.09-10 18:45:02.011508,6,Alex Holland,Elite,9
83,13.09-10 18:45:02.011508,7,Roland Postle,Elite,9
83,13.09-10 18:45:02.011508,8,Jay De Snoo,Elite,9
83,13.09-10 18:45:02.011508,9,Twig Fahaji,Elite,9
83,13.09-10 18:45:02.011508,10,Kristijan Mihovic,Master - 1,9
83,13.09-10 18:45:02.011508,11,Andrea Squizzato,Master - 3,9
83,13.09-10 18:45:02.011508,12,Jasper Coosemans,Elite,9
83,13.09-10 18:45:02.011508,13,Julien Prado,Elite,9
83,13.09-10 18:45:02.011508,14,Daniele Bontempo,Elite,9
83,13.09-10 18:45:02.011508,15,Lee Harding,Elite,9
83,13.09-10 18:45:02.011508,16,Leandro Sereno,Elite,9
83,13.09-10 18:45:02.011508,17,Chris Adnams,Master - 5,9
83,13.09-10 18:45:02.011508,18,Brad Marshall,Elite,9
83,13.09-10 18:45:02.011508,19,György Csillag,Master - 1,9
83,13.09-10 18:45:02.011508,20,Zoltán Zelei,Pro - 16,9
83,13.09-10 18:45:02.011508,21,Antonio Gattulli,Elite,9
83,13.09-10 18:45:02.011508,22,Gyuri Székely,Elite,9
83,13.09-10 18:45:02.011508,23,Simone Pasqualoni,Master - 2,9
83,13.09-10 18:45:02.011508,24,Pedro Moura,Master - 5,9
83,13.09-10 18:45:02.011508,26,Rei Frost,Master - 2,9
83,13.09-10 18:45:02.011508,27,Patryk Janczak,Master - 4,9
83,13.09-10 18:45:02.011508,29,Pablo Fernandez,Elite,9
83,13.09-10 18:45:02.011508,30,Andrej Rilke,Master - 2,9
83,13.09-10 18:45:02.011508,31,Chew Kai Wen,Elite,9
83,13.09-10 18:45:02.011508,32,Fabio Corio,Pro - 10,9
83,13.09-10 18:45:02.011508,36,Alessandro Casagrande,Elite,9
83,13.09-10 18:45:02.011508,37,Filip Dimitrov,Pro - 25,9
83,13.09-10 18:45:02.011508,39,Mato Nikic,Master - 3,9
83,13.09-10 18:45:02.011508,40,David Rolleston,Master - 1,9
83,13.09-10 18:45:02.011508,41,Michel Vandecatelle,Master - 3,9
83,13.09-10 18:45:02.011508,42,Tony Cullen,Master - 1,9
83,13.09-10 18:45:02.011508,43,Andreas Ramann,Master - 5,9
83,13.09-10 18:45:02.011508,44,Arnas Peikstenis,Pro - 17,9
83,13.09-10 18:45:02.011508,45,Bartek Nowak,Master - 1,9
83,13.09-10 18:45:02.011508,48,Yug Desai,Elite,9
83,13.09-10 18:45:02.011508,49,Ivan Stiva,Master - 2,9
83,13.09-10 18:45:02.011508,50,Jens Frostrup,Master - 5,9
83,13.09-10 18:45:02.011508,52,Max Watson,Elite,9
83,13.09-10 18:45:02.011508,53,Dmitry Shevel,Master - 2,9
83,13.09-10 18:45:02.011508,54,John Ibbotson,Master - 5,8
83,13.09-10 18:45:02.011508,56,Stephen Cudmore,Master - 1,8
83,13.09-10 18:45:02.011508,57,Michal Szopinski,Master - 3,8
83,13.09-10 18:45:02.011508,58,Matej Matrtaj,Master - 4,8
83,13.09-10 18:45:02.011508,59,Emil Kwiatkowski,Pro - 12,8
83,13.09-10 18:45:02.011508,61,Gustavo Bellotto,Elite,8
83,13.09-10 18:45:02.011508,62,Michaela Källström,Elite,8
83,13.09-10 18:45:02.011508,63,Ferenc Koncz,Master - 1,8
83,13.09-10 18:45:02.011508,64,Guillaume Delamarre,Pro - 17,8
83,13.09-10 18:45:02.011508,66,Gergő Csernátoni,Pro - 15,8
83,13.09-10 18:45:02.011508,67,Marcin Żak,Elite,8
83,13.09-10 18:45:02.011508,68,Sergio Martinez,Pro - 9,8
83,13.09-10 18:45:02.011508,69,Cédrick Flament,Pro - 23,8
83,13.09-10 18:45:02.011508,70,Gábor Safranyik,Elite,8
83,13.09-10 18:45:02.011508,71,Lorenzo Bongi,Master - 1,8
83,13.09-10 18:45:02.011508,72,Olivier Portal,Master - 1,8
83,13.09-10 18:45:02.011508,73,Geoff Atkin,Master - 5,8
83,13.09-10 18:45:02.011508,75,Harsh Sheth,Elite,8
83,13.09-10 18:45:02.011508,76,Graham Mercer,Master - 1,8
83,13.09-10 18:45:02.011508,77,Andrey Zhulikov,Pro - 24,8
83,13.09-10 18:45:02.011508,78,Sergio Fanelli,Master - 4,8
83,13.09-10 18:45:02.011508,79,Damir Sen,Master - 4,8
83,13.09-10 18:45:02.011508,80,Sergey Vosnesensky,Pro - 3,8
83,13.09-10 18:45:02.011508,81,David Adam,Pro - 11,8
83,13.09-10 18:45:02.011508,82,Krisztián Veinperl,Master - 5,8
83,13.09-10 18:45:02.011508,83,Fabrice Renaudet,Pro - 2,8
83,13.09-10 18:45:02.011508,84,Bert Huylebroeck,Elite,8
83,13.09-10 18:45:02.011508,85,Luca Molendi,Elite,8
83,13.09-10 18:45:02.011508,86,Wouter Teuwen,Elite,8
83,13.09-10 18:45:02.011508,87,Atis Praudins,Master - 4,8
83,13.09-10 18:45:02.011508,89,Veres Tamás,Elite,8
83,13.09-10 18:45:02.011508,90,Paul Williams,Master - 4,8
83,13.09-10 18:45:02.011508,91,Konrad Świderski,Master - 5,8
83,13.09-10 18:45:02.011508,93,Mery Lissarrague,Master - 1,8
83,13.09-10 18:45:02.011508,94,Martin Britain,Master - 4,8
83,13.09-10 18:45:02.011508,95,Kuba Szajbel,Master - 4,8
83,13.09-10 18:45:02.011508,96,Mariusz Malczuk,Master - 5,8
83,13.09-10 18:45:02.011508,97,Martin Freeth,Pro - 11,8
83,13.09-10 18:45:02.011508,100,Ilya Vedenikov,Master - 2,8
83,13.09-10 18:45:02.011508,101,Ewelina Popis,Master - 5,8
83,13.09-10 18:45:02.011508,102,Zoltan Kormos,Pro - 25,8
83,13.09-10 18:45:02.011508,103,Juan Diego Milán,Master - 1,8
83,13.09-10 18:45:02.011508,104,Andrew Merkel,Master - 2,8
83,13.09-10 18:45:02.011508,105,Christoph Schöning,Master - 5,8
83,13.09-10 18:45:02.011508,106,Makis Katsoulas,Master - 3,8
83,13.09-10 18:45:02.011508,107,Felipe Sakai,Pro - 11,8
83,13.09-10 18:45:02.011508,108,Andrea Oclab,Pro - 22,8
83,13.09-10 18:45:02.011508,110,Ignacio Belatti,Elite,8
83,13.09-10 18:45:02.011508,111,Giovanni Orecchioni,Elite,8
83,13.09-10 18:45:02.011508,112,Michał Wilczyński,Elite,8
83,13.09-10 18:45:02.011508,113,James Boylan,Master - 1,8
83,13.09-10 18:45:02.011508,114,Nikola Jancic,Master - 3,8
83,13.09-10 18:45:02.011508,115,Tomek Miszczak,Master - 4,8
83,13.09-10 18:45:02.011508,116,Mikael Brostrom,Master - 5,8
83,13.09-10 18:45:02.011508,117,Robert Lisik,Pro - 5,8
83,13.09-10 18:45:02.011508,119,Dmitry Knyazev,Master - 3,8
83,13.09-10 18:45:02.011508,121,Jose Filipe,Master - 2,8
83,13.09-10 18:45:02.011508,122,Bogdan Hutanu,Master - 3,8
83,13.09-10 18:45:02.011508,123,Gino Zernani,Master - 5,8
83,13.09-10 18:45:02.011508,124,Silvio Botterini,Pro - 10,8
83,13.09-10 18:45:02.011508,125,Witek Dzid,Pro - 17,8
83,13.09-10 18:45:02.011508,126,Arnoldas Arnisgd,Pro - 22,8
83,13.09-10 18:45:02.011508,127,Kamal Naoui,Master - 4,8
83,13.09-10 18:45:02.011508,128,Dominiek Van West,Master - 5,8
83,13.09-10 18:45:02.011508,129,Diego Espiñeira Gonzalez,Pro - 7,8
83,13.09-10 18:45:02.011508,130,Franco Lorijn,Pro - 5,8
83,13.09-10 18:45:02.011508,131,Béla Ormos,Pro - 17,8
83,13.09-10 18:45:02.011508,132,Guilherme Franco,Pro - 23,8
83,13.09-10 18:45:02.011508,135,Jan Velske,Elite,8
83,13.09-10 18:45:02.011508,136,James Hitchen,Master - 4,8
83,13.09-10 18:45:02.011508,137,Dion Staal,Pro - 1,8
83,13.09-10 18:45:02.011508,138,Simone Bertolotto,Pro - 12,8
83,13.09-10 18:45:02.011508,139,Vladimir Islentiev,Pro - 25,8
83,13.09-10 18:45:02.011508,140,Mariusz Kuczak,Pro - 25,8
83,13.09-10 18:45:02.011508,141,Vadim Shapovalov,Master - 3,8
83,13.09-10 18:45:02.011508,142,Johan Olsson,Pro - 14,8
83,13.09-10 18:45:02.011508,143,Krzysztof Kasinski,Pro - 16,8
83,13.09-10 18:45:02.011508,144,Ruslan Lukyanchuk,Pro - 16,8
83,13.09-10 18:45:02.011508,145,Jakab Zoltan,Pro - 22,8
83,13.09-10 18:45:02.011508,148,Aigars Vitolins,Elite,8
83,13.09-10 18:45:02.011508,149,Ross Proud,Master - 1,8
83,13.09-10 18:45:02.011508,150,Andy Goodall,Master - 2,8
83,13.09-10 18:45:02.011508,151,Thierry Le Denmat,Master - 2,8
83,13.09-10 18:45:02.011508,152,Geoffrey Stanislawski,Pro - 7,8
83,13.09-10 18:45:02.011508,153,Col Brown,Pro - 22,8
83,13.09-10 18:45:02.011508,155,Charles Kurz,Master - 3,8
83,13.09-10 18:45:02.011508,156,Ricky Silva,Master - 5,8
83,13.09-10 18:45:02.011508,157,Andrjunja Kass,Pro - 16,8
83,13.09-10 18:45:02.011508,158,Maja Soren,Pro - 18,8
83,13.09-10 18:45:02.011508,159,Ivan Andjelic,Pro - 20,8
83,13.09-10 18:45:02.011508,160,André França,Pro - 21,8
83,13.09-10 18:45:02.011508,161,Daniel Rosa,Pro - 23,8
83,13.09-10 18:45:02.011508,162,Rafale Mizerski,Master - 3,8
83,13.09-10 18:45:02.011508,163,Jukka Häyhä,Pro - 3,8
83,13.09-10 18:45:02.011508,164,Pedro Jacquet,Pro - 9,8
83,13.09-10 18:45:02.011508,165,Oscar Maddonni,Pro - 10,8
83,13.09-10 18:45:02.011508,166,David Vidović,Pro - 18,8
83,13.09-10 18:45:02.011508,167,Andreas Vigil,Pro - 23,8
83,13.09-10 18:45:02.011508,168,Richard Luijendijk,Pro - 25,8
83,13.09-10 18:45:02.011508,169,Benedetto Campobello,Elite,8
83,13.09-10 18:45:02.011508,170,Artur Marczewski,Master - 1,8
83,13.09-10 18:45:02.011508,171,Fabio Romani,Master - 1,8
83,13.09-10 18:45:02.011508,172,Raimonds Urtāns,Master - 3,8
83,13.09-10 18:45:02.011508,173,Eduardo Sanchez Carenzo,Master - 5,8
83,13.09-10 18:45:02.011508,174,Allecio Nagleydson,Pro - 3,8
83,13.09-10 18:45:02.011508,175,Jussi Mäenpää,Pro - 20,8
83,13.09-10 18:45:02.011508,176,Jani Syrjäläinen,Master - 1,8
83,13.09-10 18:45:02.011508,177,Edwin Silva,Master - 2,8
83,13.09-10 18:45:02.011508,178,Benedetto Di Vico,Pro - 20,8
83,13.09-10 18:45:02.011508,180,Martti Kaasik,Master - 2,8
83,13.09-10 18:45:02.011508,181,Andrea Amich,Master - 4,8
83,13.09-10 18:45:02.011508,182,Aleksandr Gerassimtsik,Master - 4,8
83,13.09-10 18:45:02.011508,183,Robert Horvath,Pro - 4,8
83,13.09-10 18:45:02.011508,184,Rem Jürgenson,Pro - 14,8
83,13.09-10 18:45:02.011508,185,Armenio Santos,Master - 2,8
83,13.09-10 18:45:02.011508,186,Davide Panella,Master - 4,8
83,13.09-10 18:45:02.011508,187,Ivan Silva,Pro - 1,8
83,13.09-10 18:45:02.011508,188,Marcelo Ascencio,Pro - 21,8
83,13.09-10 18:45:02.011508,189,Luis De Los Reyes,Pro - 21,8
83,13.09-10 18:45:02.011508,190,Vladimir Valis,Pro - 21,8
83,13.09-10 18:45:02.011508,192,Aleksey Odegov,Master - 2,8
83,13.09-10 18:45:02.011508,193,Marcin Skrzypiec,Master - 3,8
83,13.09-10 18:45:02.011508,194,Carlos Miola,Pro - 3,8
83,13.09-10 18:45:02.011508,195,Tony Colangelo,Pro - 6,8
83,13.09-10 18:45:02.011508,196,Matas Karanavicius,Pro - 10,8
83,13.09-10 18:45:02.011508,197,Rogério Araken,Pro - 15,8
83,13.09-10 18:45:02.011508,198,Jonas Žaldokas,Pro - 16,8
83,13.09-10 18:45:02.011508,205,Mike Baston,Master - 1,8
83,13.09-10 18:45:02.011508,206,Mindaugas Bauža,Master - 2,8
83,13.09-10 18:45:02.011508,207,Andrew Green,Pro - 1,8
83,13.09-10 18:45:02.011508,208,Roberto Borgato,Pro - 11,8
83,13.09-10 18:45:02.011508,209,Karol Opoka,Pro - 12,8
83,13.09-10 18:45:02.011508,210,Branislav Hrnjak,Pro - 17,8
83,13.09-10 18:45:02.011508,211,József Gyuricza,Pro - 19,8
83,13.09-10 18:45:02.011508,212,Marek Wasilewski,Pro - 24,8
83,13.09-10 18:45:02.011508,213,Tom Seib,Pro - 25,8
83,13.09-10 18:45:02.011508,215,András Bozóti,Master - 2,8
83,13.09-10 18:45:02.011508,216,Adam Wierzba,Master - 2,8
83,13.09-10 18:45:02.011508,217,Svetlana Shapovalova,Master - 4,8
83,13.09-10 18:45:02.011508,218,Marcus Sandberg,Pro - 5,8
83,13.09-10 18:45:02.011508,219,Robert Lee,Pro - 17,8
83,13.09-10 18:45:02.011508,220,José Abi Jaudi,Pro - 19,8
83,13.09-10 18:45:02.011508,221,Oriol Pardo,Pro - 19,8
83,13.09-10 18:45:02.011508,224,Bruno Caseiro,Elite,8
83,13.09-10 18:45:02.011508,225,Apostolis Goutzos,Elite,8
83,13.09-10 18:45:02.011508,226,William Day,Master - 1,8
83,13.09-10 18:45:02.011508,227,Leonardo Franco,Master - 2,8
83,13.09-10 18:45:02.011508,228,Stefan Gommans,Master - 2,8
83,13.09-10 18:45:02.011508,229,Jason Daughty,Master - 3,8
83,13.09-10 18:45:02.011508,230,Miroslav Minchev,Master - 3,8
83,13.09-10 18:45:02.011508,231,Sharma Vivek,Master - 3,8
83,13.09-10 18:45:02.011508,232,Gavin Mackenzie,Pro - 12,8
83,13.09-10 18:45:02.011508,233,Mario Martini,Pro - 12,8
83,13.09-10 18:45:02.011508,234,Tomasz Siwiec,Pro - 13,8
83,13.09-10 18:45:02.011508,235,Stefano Duo,Pro - 16,8
83,13.09-10 18:45:02.011508,236,Mick Ridley,Pro - 16,8
83,13.09-10 18:45:02.011508,237,Mihály Székely,Pro - 17,8
83,13.09-10 18:45:02.011508,242,Vladimir Jelicic,Master - 2,8
83,13.09-10 18:45:02.011508,243,Mauro Schumacher,Master - 3,8
83,13.09-10 18:45:02.011508,244,Fernando Sosa,Master - 3,8
83,13.09-10 18:45:02.011508,245,Shaun Thornton,Master - 3,8
83,13.09-10 18:45:02.011508,246,Luiz Rocha,Pro - 2,8
83,13.09-10 18:45:02.011508,247,Leonardo Caceres,Pro - 17,8
83,13.09-10 18:45:02.011508,248,Alexandre Marcelino,Pro - 19,8
83,13.09-10 18:45:02.011508,249,Michael Monaco,Pro - 24,8
83,13.09-10 18:45:02.011508,250,Michail Ivanov,Master - 5,8
83,13.09-10 18:45:02.011508,251,Evaldas Ruseckas,Master - 5,8
83,13.09-10 18:45:02.011508,252,Tiago Almeida,Pro - 1,8
83,13.09-10 18:45:02.011508,253,Pieterjan Staessen,Pro - 3,8
83,13.09-10 18:45:02.011508,254,Gabriele Tumminello,Pro - 18,8
83,13.09-10 18:45:02.011508,255,Gábor Besenyi,Pro - 19,8
83,13.09-10 18:45:02.011508,256,Gianluca Nanni,Pro - 20,8
83,13.09-10 18:45:02.011508,259,Stephen Rawson,Master - 3,8
83,13.09-10 18:45:02.011508,260,Predrag Marmut,Master - 5,8
83,13.09-10 18:45:02.011508,261,Sergio Porta,Pro - 6,8
83,13.09-10 18:45:02.011508,262,Branislav Mihic,Pro - 11,8
83,13.09-10 18:45:02.011508,263,Goran Slunjski,Pro - 13,8
83,13.09-10 18:45:02.011508,264,Luis Ferreira,Pro - 14,8
83,13.09-10 18:45:02.011508,265,Gerardo Antonio Cecere,Pro - 17,8
83,13.09-10 18:45:02.011508,266,Jánosné Horvath,Pro - 20,8
83,13.09-10 18:45:02.011508,267,Maciej Młynek,Pro - 22,8
83,13.09-10 18:45:02.011508,268,Hrvoje Jošić,Pro - 24,8
83,13.09-10 18:45:02.011508,272,Helmut Heiter,Master - 2,8
83,13.09-10 18:45:02.011508,273,Mihail Golovanov,Master - 4,8
83,13.09-10 18:45:02.011508,274,Guilherme Henrique,Pro - 1,8
83,13.09-10 18:45:02.011508,275,Rory Collins,Pro - 15,8
83,13.09-10 18:45:02.011508,276,Mihai Daroczi,Pro - 15,8
83,13.09-10 18:45:02.011508,277,Dani Fekete,Pro - 15,8
83,13.09-10 18:45:02.011508,278,Marcin Grajek,Pro - 15,8
83,13.09-10 18:45:02.011508,279,Gokhan Özkan,Pro - 16,8
83,13.09-10 18:45:02.011508,280,Rudy Szafraniec,Pro - 17,8
83,13.09-10 18:45:02.011508,281,Daniela Pisa,Master - 4,8
83,13.09-10 18:45:02.011508,282,Vincent Douchez,Pro - 1,8
83,13.09-10 18:45:02.011508,283,Mateusz Włodarczyk,Pro - 4,8
83,13.09-10 18:45:02.011508,284,John Arthur,Pro - 10,8
83,13.09-10 18:45:02.011508,285,Eddie Goodall,Pro - 12,8
83,13.09-10 18:45:02.011508,286,Tibor Csábi,Pro - 15,8
83,13.09-10 18:45:02.011508,287,Chris Williamson,Pro - 17,8
83,13.09-10 18:45:02.011508,288,Marcin Calmen,Pro - 19,8
83,13.09-10 18:45:02.011508,289,Yassine Ben Rajeb,Pro - 22,8
83,13.09-10 18:45:02.011508,290,Valentino Receputi,Pro - 23,8
83,13.09-10 18:45:02.011508,293,Joachim Rang,Elite,7
83,13.09-10 18:45:02.011508,294,Daniel Omaña,Master - 1,7
83,13.09-10 18:45:02.011508,295,Barna Tóth,Pro - 11,7
83,13.09-10 18:45:02.011508,296,Asdrúbal Corral,Pro - 15,7
83,13.09-10 18:45:02.011508,297,Viktor Kocsi,Pro - 15,7
83,13.09-10 18:45:02.011508,298,Mindaugas Kuodys,Pro - 15,7
83,13.09-10 18:45:02.011508,304,Onur Guardian,Master - 2,7
83,13.09-10 18:45:02.011508,305,Pete Lohvansuu,Master - 2,7
83,13.09-10 18:45:02.011508,306,Ahoorda Lelou,Master - 4,7
83,13.09-10 18:45:02.011508,307,Tim Villars,Master - 5,7
83,13.09-10 18:45:02.011508,308,Aleksey Kondratenko,Pro - 1,7
83,13.09-10 18:45:02.011508,309,Jody Parker,Pro - 1,7
83,13.09-10 18:45:02.011508,310,Antonio Adolpho Pereira,Pro - 4,7
83,13.09-10 18:45:02.011508,311,Damir Martinjak,Pro - 6,7
83,13.09-10 18:45:02.011508,312,Ville Kukkonen,Pro - 8,7
83,13.09-10 18:45:02.011508,313,Zoltán Kiss,Pro - 11,7
83,13.09-10 18:45:02.011508,314,Andrea Marra,Pro - 11,7
83,13.09-10 18:45:02.011508,315,Florian Berger,Pro - 14,7
83,13.09-10 18:45:02.011508,316,James Berriman,Pro - 17,7
83,13.09-10 18:45:02.011508,317,Thomas Geißler,Pro - 20,7
83,13.09-10 18:45:02.011508,318,Rauno Tammel,Pro - 21,7
83,13.09-10 18:45:02.011508,323,Arnaud de Marneffe,Master - 3,7
83,13.09-10 18:45:02.011508,324,Alejandro Badino,Master - 4,7
83,13.09-10 18:45:02.011508,325,Ahmet Kirnik,Master - 4,7
83,13.09-10 18:45:02.011508,326,Pablo Ramirez,Master - 4,7
83,13.09-10 18:45:02.011508,327,Antonio Fragoso,Pro - 2,7
83,13.09-10 18:45:02.011508,328,Andrei Daroczi,Pro - 3,7
83,13.09-10 18:45:02.011508,329,Torge Thorsson,Pro - 7,7
83,13.09-10 18:45:02.011508,330,Paul Brandt,Pro - 9,7
83,13.09-10 18:45:02.011508,331,Sergei Mitrahovich,Pro - 16,7
83,13.09-10 18:45:02.011508,335,Pavel Pobirovski,Master - 1,7
83,13.09-10 18:45:02.011508,336,Marco Longo,Master - 3,7
83,13.09-10 18:45:02.011508,337,Josh Clark,Master - 4,7
83,13.09-10 18:45:02.011508,338,Massimo D'amico,Pro - 1,7
83,13.09-10 18:45:02.011508,339,Rafal Lotkowski,Pro - 5,7
83,13.09-10 18:45:02.011508,340,Roland Jakobsson,Pro - 7,7
83,13.09-10 18:45:02.011508,341,Joss Giraud,Pro - 10,7
83,13.09-10 18:45:02.011508,342,Dejan Makor,Pro - 12,7
83,13.09-10 18:45:02.011508,343,Marlon Feltrin Jeremias,Pro - 15,7
83,13.09-10 18:45:02.011508,344,Arnaud Religieux,Pro - 16,7
83,13.09-10 18:45:02.011508,345,Sebastien Sailliot,Pro - 16,7
83,13.09-10 18:45:02.011508,346,Adrian Skrobiński,Pro - 17,7
83,13.09-10 18:45:02.011508,347,Torsten Wilke,Pro - 18,7
83,13.09-10 18:45:02.011508,348,Wagner Costa,Pro - 20,7
83,13.09-10 18:45:02.011508,349,Marcelo Rodrigues,Pro - 22,7
83,13.09-10 18:45:02.011508,350,Markus Korppi,Pro - 25,7
83,13.09-10 18:45:02.011508,351,Luca Sora,Master - 1,7
83,13.09-10 18:45:02.011508,352,Svajūnas Mikšta,Master - 2,7
83,13.09-10 18:45:02.011508,353,David Michler,Master - 4,7
83,13.09-10 18:45:02.011508,354,Alfonso Ridolfo,Master - 4,7
83,13.09-10 18:45:02.011508,355,Nuno Vicente,Master - 4,7
83,13.09-10 18:45:02.011508,356,Jorge Bento,Master - 5,7
83,13.09-10 18:45:02.011508,357,Greg Byrnes-mikelsons,Pro - 1,7
83,13.09-10 18:45:02.011508,358,Maurício Jackson,Pro - 3,7
83,13.09-10 18:45:02.011508,359,Ihor Rusnak,Pro - 3,7
83,13.09-10 18:45:02.011508,360,Daniel Woodhouse,Pro - 4,7
83,13.09-10 18:45:02.011508,361,Luis Lino,Pro - 10,7
83,13.09-10 18:45:02.011508,362,Rebecca Nanni,Pro - 12,7
83,13.09-10 18:45:02.011508,363,Thiago Bento,Pro - 13,7
83,13.09-10 18:45:02.011508,364,Attila Kvanta,Pro - 13,7
83,13.09-10 18:45:02.011508,365,Mateus Lima,Pro - 13,7
83,13.09-10 18:45:02.011508,366,Patricija Ovcharenko,Pro - 13,7
83,13.09-10 18:45:02.011508,367,Brice Meyer,Pro - 16,7
83,13.09-10 18:45:02.011508,368,Dejan Svajner,Pro - 18,7
83,13.09-10 18:45:02.011508,369,Daniel Palma,Pro - 19,7
83,13.09-10 18:45:02.011508,370,Ayman Daher,Pro - 20,7
83,13.09-10 18:45:02.011508,371,Giannis Kiriakidis,Pro - 21,7
83,13.09-10 18:45:02.011508,372,Frederic Van Rossum,Pro - 21,7
83,13.09-10 18:45:02.011508,373,Philippe Laude,Pro - 23,7
83,13.09-10 18:45:02.011508,374,Ivan Schegloa,Pro - 24,7
83,13.09-10 18:45:02.011508,380,Dieter Nix,Master - 4,7
83,13.09-10 18:45:02.011508,381,Nicoletta Donadoni,Pro - 6,7
83,13.09-10 18:45:02.011508,382,Tomasz Boryczka,Pro - 9,7
83,13.09-10 18:45:02.011508,383,Keith Clark,Pro - 10,7
83,13.09-10 18:45:02.011508,384,Johan Swanepoel,Pro - 12,7
83,13.09-10 18:45:02.011508,385,Burak Alaydın,Pro - 16,7
83,13.09-10 18:45:02.011508,386,Álvaro Alvarinho,Pro - 17,7
83,13.09-10 18:45:02.011508,388,Christian Biancu,Master - 2,7
83,13.09-10 18:45:02.011508,389,Sverri Johansen,Master - 2,7
83,13.09-10 18:45:02.011508,390,Farcy Génel,Master - 3,7
83,13.09-10 18:45:02.011508,391,Gergely Pesthy,Master - 3,7
83,13.09-10 18:45:02.011508,392,Guille García,Pro - 5,7
83,13.09-10 18:45:02.011508,393,Zrinyi Szilárd,Pro - 8,7
83,13.09-10 18:45:02.011508,394,Daniel Santos,Pro - 10,7
83,13.09-10 18:45:02.011508,395,Shersh Khandelwal,Pro - 11,7
83,13.09-10 18:45:02.011508,396,Adrian Heuchert,Pro - 13,7
83,13.09-10 18:45:02.011508,397,Nuno Santos,Pro - 14,7
83,13.09-10 18:45:02.011508,398,Alexis Adams,Pro - 15,7
83,13.09-10 18:45:02.011508,399,Florin Ionut,Pro - 15,7
83,13.09-10 18:45:02.011508,400,Duong Cuong,Pro - 17,7
83,13.09-10 18:45:02.011508,401,Çağrı Karaağaç,Pro - 21,7
83,13.09-10 18:45:02.011508,402,Fabrice Van Damme,Pro - 21,7
83,13.09-10 18:45:02.011508,403,Mack Cotton,Pro - 22,7
83,13.09-10 18:45:02.011508,404,Marcelo Franco,Pro - 24,7
83,13.09-10 18:45:02.011508,405,Daniel Čech,Pro - 25,7
83,13.09-10 18:45:02.011508,412,Alvaro Dantas Aron,Master - 1,7
83,13.09-10 18:45:02.011508,413,Tamás Tóth,Master - 1,7
83,13.09-10 18:45:02.011508,414,Roman Maksimenkov,Master - 5,7
83,13.09-10 18:45:02.011508,415,Jaroslav Boruvka,Pro - 3,7
83,13.09-10 18:45:02.011508,416,Karol Mazurek,Pro - 8,7
83,13.09-10 18:45:02.011508,417,Sebastian Stenius,Pro - 11,7
83,13.09-10 18:45:02.011508,418,Emīls Ribaks,Pro - 13,7
83,13.09-10 18:45:02.011508,419,Sandro Benghi,Pro - 14,7
83,13.09-10 18:45:02.011508,420,Mirsad Pazari,Pro - 14,7
83,13.09-10 18:45:02.011508,421,Floris Maljers,Pro - 20,7
83,13.09-10 18:45:02.011508,422,Matthieu Portal,Pro - 20,7
83,13.09-10 18:45:02.011508,430,Alon Malul,Master - 5,7
83,13.09-10 18:45:02.011508,431,Alexander Cant,Pro - 9,7
83,13.09-10 18:45:02.011508,432,David Cabral,Pro - 11,7
83,13.09-10 18:45:02.011508,433,Valnyris Tejet,Pro - 17,7
83,13.09-10 18:45:02.011508,434,Martin Kuzov,Pro - 18,7
83,13.09-10 18:45:02.011508,435,Donatas Rutkauskas,Pro - 18,7
83,13.09-10 18:45:02.011508,436,Dimitris Orfanos,Pro - 19,7
83,13.09-10 18:45:02.011508,437,Dex Vici,Pro - 23,7
83,13.09-10 18:45:02.011508,442,Ivo Ivanov,Master - 1,7
83,13.09-10 18:45:02.011508,443,Michael Keeney,Master - 1,7
83,13.09-10 18:45:02.011508,444,Filipe Miguel,Master - 2,7
83,13.09-10 18:45:02.011508,445,Dominique Jean,Master - 5,7
83,13.09-10 18:45:02.011508,446,Jaime Rufas,Pro - 2,7
83,13.09-10 18:45:02.011508,447,Joan Centellas,Pro - 12,7
83,13.09-10 18:45:02.011508,448,Paulo Maia,Pro - 14,7
83,13.09-10 18:45:02.011508,449,Jônatas Paiva,Pro - 16,7
83,13.09-10 18:45:02.011508,450,Michał Sułek,Pro - 22,7
83,13.09-10 18:45:02.011508,451,Dariusz Borysiewicz,Pro - 24,7
83,13.09-10 18:45:02.011508,452,Dean Francis,Pro - 24,7
83,13.09-10 18:45:02.011508,453,Jorge Jury,Pro - 25,7
83,13.09-10 18:45:02.011508,459,Carlos Inácio,Pro - 1,7
83,13.09-10 18:45:02.011508,460,Matías Almada,Pro - 2,7
83,13.09-10 18:45:02.011508,461,Maurício Linhares,Pro - 3,7
83,13.09-10 18:45:02.011508,462,Rodrigo Rocha,Pro - 8,7
83,13.09-10 18:45:02.011508,463,Joscha Büllesbach,Pro - 9,7
83,13.09-10 18:45:02.011508,464,Duarte Madrugo,Pro - 10,7
83,13.09-10 18:45:02.011508,465,Troy Sheahen,Pro - 11,7
83,13.09-10 18:45:02.011508,466,Craig McLean,Pro - 16,7
83,13.09-10 18:45:02.011508,467,Suat Gültekin,Pro - 20,7
83,13.09-10 18:45:02.011508,468,Carlos Esparza,Pro - 21,7
83,13.09-10 18:45:02.011508,469,José Mario Alonso Alonso,Pro - 22,7
83,13.09-10 18:45:02.011508,470,Francisco Arce,Pro - 22,7
83,13.09-10 18:45:02.011508,471,Ivan Ivanov,Pro - 25,7
83,13.09-10 18:45:02.011508,477,Tomi Kaartinen,Master - 1,7
83,13.09-10 18:45:02.011508,478,Andrea Cussigh,Master - 5,7
83,13.09-10 18:45:02.011508,479,Kyle Morris,Pro - 3,7
83,13.09-10 18:45:02.011508,480,Tommaso Petri,Pro - 4,7
83,13.09-10 18:45:02.011508,481,István Varga,Pro - 5,7
83,13.09-10 18:45:02.011508,482,Marco Conti,Pro - 6,7
83,13.09-10 18:45:02.011508,483,Piotr Łabenda,Pro - 12,7
83,13.09-10 18:45:02.011508,484,Ezequiel Palletti,Pro - 12,7
83,13.09-10 18:45:02.011508,485,Arnaud Ferraris,Pro - 14,7
83,13.09-10 18:45:02.011508,486,Stefan Krustev,Pro - 15,7
83,13.09-10 18:45:02.011508,487,Fabricio Ramos,Pro - 15,7
83,13.09-10 18:45:02.011508,488,Geir Pukk,Pro - 18,7
83,13.09-10 18:45:02.011508,489,Attila Gore,Pro - 25,7
83,13.09-10 18:45:02.011508,498,Kuba Gułajewski,Master - 1,7
83,13.09-10 18:45:02.011508,499,Paweł Zaburski,Master - 4,7
83,13.09-10 18:45:02.011508,500,Arkadiusz Nicewicz,Master - 5,7
83,13.09-10 18:45:02.011508,501,Mauro Pisani,Pro - 2,7
83,13.09-10 18:45:02.011508,502,Remco Siemes,Pro - 4,7
83,13.09-10 18:45:02.011508,503,David Brennan,Pro - 5,7
83,13.09-10 18:45:02.011508,504,Sergio Ruiz,Pro - 5,7
83,13.09-10 18:45:02.011508,505,Márton Martin Safranyik,Pro - 6,7
83,13.09-10 18:45:02.011508,506,Nathan Ribeiro,Pro - 9,7
83,13.09-10 18:45:02.011508,507,Patrick Gauthier,Pro - 10,7
83,13.09-10 18:45:02.011508,508,Giorgio Aspesi,Pro - 11,7
83,13.09-10 18:45:02.011508,509,Fredrik Ahlin,Pro - 13,7
83,13.09-10 18:45:02.011508,510,Jim Norton,Pro - 14,7
83,13.09-10 18:45:02.011508,511,Mirko Bertotti,Pro - 19,7
83,13.09-10 18:45:02.011508,512,Steffen Holm,Pro - 19,7
83,13.09-10 18:45:02.011508,513,Ronald Arcia,Pro - 21,7
83,13.09-10 18:45:02.011508,514,Łukasz Rutkowski,Pro - 21,7
83,13.09-10 18:45:02.011508,515,Mauricio Angelucci,Pro - 23,7
83,13.09-10 18:45:02.011508,516,Roberto Schiavelli,Pro - 23,7
83,13.09-10 18:45:02.011508,517,Artur Sikora,Pro - 24,7
83,13.09-10 18:45:02.011508,522,Imre Antos,Master - 3,7
83,13.09-10 18:45:02.011508,523,Ken Neihart,Master - 4,7
83,13.09-10 18:45:02.011508,524,Alexandre Jardim,Pro - 3,7
83,13.09-10 18:45:02.011508,525,Lazar Petkovic,Pro - 4,7
83,13.09-10 18:45:02.011508,526,Fabián Ré,Pro - 4,7
83,13.09-10 18:45:02.011508,527,Timur Sharafullin,Pro - 6,7
83,13.09-10 18:45:02.011508,528,Dávid Sifka,Pro - 9,7
83,13.09-10 18:45:02.011508,529,Grzegorz Buczkowski,Pro - 10,7
83,13.09-10 18:45:02.011508,530,Diogo Schwinn,Pro - 14,7
83,13.09-10 18:45:02.011508,531,Petr Šimůnek,Pro - 19,7
83,13.09-10 18:45:02.011508,532,Pál Baracsi,Pro - 19,7
83,13.09-10 18:45:02.011508,533,Andres Duffey,Pro - 20,7
83,13.09-10 18:45:02.011508,534,Szilvia Gaál,Pro - 21,7
83,13.09-10 18:45:02.011508,535,Norbert Páldeák,Pro - 21,7
83,13.09-10 18:45:02.011508,536,Kris Kilsby,Pro - 23,7
83,13.09-10 18:45:02.011508,537,Péter Propszt,Pro - 23,7
83,13.09-10 18:45:02.011508,538,Ivanin Ivanov,Pro - 25,7
83,13.09-10 18:45:02.011508,552,Alexandra Silva,Master - 3,7
83,13.09-10 18:45:02.011508,553,Roberto Schiavoni,Pro - 3,7
83,13.09-10 18:45:02.011508,554,Philippe Taffonneau,Pro - 4,7
83,13.09-10 18:45:02.011508,555,Roman Sobotka,Pro - 6,7
83,13.09-10 18:45:02.011508,556,Jozef Lesay,Pro - 9,7
83,13.09-10 18:45:02.011508,557,Else Rene,Pro - 9,7
83,13.09-10 18:45:02.011508,558,Sebastian Lochmann,Pro - 14,7
83,13.09-10 18:45:02.011508,559,Felipe Aguiar,Pro - 16,7
83,13.09-10 18:45:02.011508,560,Fabio Lopez,Pro - 20,7
83,13.09-10 18:45:02.011508,561,Ivaylo Tanev,Pro - 21,7
83,13.09-10 18:45:02.011508,562,Nikita Guidotti,Pro - 22,7
83,13.09-10 18:45:02.011508,569,Ilya Shiv,Pro - 2,7
83,13.09-10 18:45:02.011508,570,Luca Dal Sacco,Pro - 3,7
83,13.09-10 18:45:02.011508,571,Luis Gustavo,Pro - 4,7
83,13.09-10 18:45:02.011508,572,Carlos Said Cabrera,Pro - 6,7
83,13.09-10 18:45:02.011508,573,Giordano Vieira,Pro - 10,7
83,13.09-10 18:45:02.011508,574,Mandar Kale,Pro - 15,7
83,13.09-10 18:45:02.011508,575,Alexandre Resende,Pro - 18,7
83,13.09-10 18:45:02.011508,576,Szilkó Szoboszlai,Pro - 23,7
83,13.09-10 18:45:02.011508,583,Dávid Guti,Master - 2,7
83,13.09-10 18:45:02.011508,584,Andrew Massey,Master - 2,7
83,13.09-10 18:45:02.011508,585,Joachim Vaes,Master - 2,7
83,13.09-10 18:45:02.011508,586,Jérôme Duluard,Master - 5,7
83,13.09-10 18:45:02.011508,587,Bachtiar Mahardhika,Master - 5,7
83,13.09-10 18:45:02.011508,588,Turan Metin,Master - 5,7
83,13.09-10 18:45:02.011508,589,László Tóth,Pro - 2,7
83,13.09-10 18:45:02.011508,590,Cristina Demeo,Pro - 8,7
83,13.09-10 18:45:02.011508,591,Nikolai Nikolov,Pro - 13,7
83,13.09-10 18:45:02.011508,592,Miguel Bain,Pro - 15,7
83,13.09-10 18:45:02.011508,593,Vít Kunc,Pro - 15,7
83,13.09-10 18:45:02.011508,594,Stefano Fort,Pro - 19,7
83,13.09-10 18:45:02.011508,595,Luke Frost,Pro - 20,7
83,13.09-10 18:45:02.011508,596,Louis Hamilton,Pro - 20,7
83,13.09-10 18:45:02.011508,597,Gary Mullins,Pro - 24,7
83,13.09-10 18:45:02.011508,611,David Smith,Master - 1,7
83,13.09-10 18:45:02.011508,612,Wouter Kirstein,Master - 2,7
83,13.09-10 18:45:02.011508,613,Valeri Krustev,Master - 3,7
83,13.09-10 18:45:02.011508,614,Bindics Róbert,Master - 4,7
83,13.09-10 18:45:02.011508,615,Martino Colombo,Master - 5,7
83,13.09-10 18:45:02.011508,616,Ahmet Sonverdi,Master - 5,7
83,13.09-10 18:45:02.011508,617,Mert Büyükakar,Pro - 2,7
83,13.09-10 18:45:02.011508,618,Maurizio Faccin,Pro - 5,7
83,13.09-10 18:45:02.011508,619,Cioponea Viorel,Pro - 5,7
83,13.09-10 18:45:02.011508,620,Amílcar Gomes,Pro - 6,7
83,13.09-10 18:45:02.011508,621,Jerome Godet,Pro - 8,7
83,13.09-10 18:45:02.011508,622,Patrik Karlsson,Pro - 8,7
83,13.09-10 18:45:02.011508,623,Stoycho Stoychev,Pro - 8,7
83,13.09-10 18:45:02.011508,624,Konrad Lasak,Pro - 11,7
83,13.09-10 18:45:02.011508,625,Lukas Pilka,Pro - 16,7
83,13.09-10 18:45:02.011508,626,Péter Veszprémi,Pro - 18,7
83,13.09-10 18:45:02.011508,627,Jared Grabski,Pro - 23,7
83,13.09-10 18:45:02.011508,628,Mark Jeacock,Pro - 24,7
83,13.09-10 18:45:02.011508,637,Alex Ilushenko,Master - 2,7
83,13.09-10 18:45:02.011508,638,Mikko Heikkinen,Pro - 5,7
83,13.09-10 18:45:02.011508,639,Andrea Iacoponi,Pro - 5,7
83,13.09-10 18:45:02.011508,640,Filip Cristian,Pro - 7,7
83,13.09-10 18:45:02.011508,641,Artur Terezan,Pro - 7,7
83,13.09-10 18:45:02.011508,642,Cornelius Alexandru,Pro - 9,7
83,13.09-10 18:45:02.011508,643,Victor Baia,Pro - 9,7
83,13.09-10 18:45:02.011508,644,Rasmus Hove,Pro - 9,7
83,13.09-10 18:45:02.011508,645,Andrej Novák,Pro - 9,7
83,13.09-10 18:45:02.011508,646,Michell Coredeiro,Pro - 11,7
83,13.09-10 18:45:02.011508,647,Nikoletta Posvancz,Pro - 15,7
83,13.09-10 18:45:02.011508,648,Sergio Severino,Pro - 15,7
83,13.09-10 18:45:02.011508,649,Andrei Vădineanu,Pro - 18,7
83,13.09-10 18:45:02.011508,650,Victor Brezhnev,Pro - 19,7
83,13.09-10 18:45:02.011508,651,Jaime Gomez,Pro - 20,7
83,13.09-10 18:45:02.011508,652,Karel Poláček,Pro - 24,7
83,13.09-10 18:45:02.011508,653,Olli Tamminen,Pro - 24,7
83,13.09-10 18:45:02.011508,660,Davide Lorenzini,Elite,7
83,13.09-10 18:45:02.011508,661,Claudio Laguna,Master - 3,7
83,13.09-10 18:45:02.011508,662,Ioannis Kalogirou,Master - 4,7
83,13.09-10 18:45:02.011508,663,Jorge Luiz Filho,Pro - 2,7
83,13.09-10 18:45:02.011508,664,Michael Beltramelli,Pro - 3,7
83,13.09-10 18:45:02.011508,665,Stephane Verly,Pro - 5,7
83,13.09-10 18:45:02.011508,666,André Ahlberg,Pro - 8,7
83,13.09-10 18:45:02.011508,667,Max Scorinoff,Pro - 8,7
83,13.09-10 18:45:02.011508,668,Mauro Saccoccia,Pro - 10,7
83,13.09-10 18:45:02.011508,669,Dmitry Starostachev,Pro - 10,7
83,13.09-10 18:45:02.011508,670,Dmitri Kondrat,Pro - 13,7
83,13.09-10 18:45:02.011508,671,Dusan Sevarlic,Pro - 13,7
83,13.09-10 18:45:02.011508,672,Ari Rautamies,Pro - 14,7
83,13.09-10 18:45:02.011508,673,Mike Zestas,Pro - 19,7
83,13.09-10 18:45:02.011508,674,Stefano Solinas,Pro - 23,7
83,13.09-10 18:45:02.011508,675,Vasilis Zoumpi,Pro - 23,7
83,13.09-10 18:45:02.011508,676,Johannes Haaparanta,Pro - 24,7
83,13.09-10 18:45:02.011508,684,Jacopo Albertini,Master - 1,7
83,13.09-10 18:45:02.011508,685,Jovan Milic,Master - 1,7
83,13.09-10 18:45:02.011508,686,Mark Pinnick,Master - 2,7
83,13.09-10 18:45:02.011508,687,Brigitta Balázsi,Master - 3,7
83,13.09-10 18:45:02.011508,688,Martin Irla,Pro - 1,7
83,13.09-10 18:45:02.011508,689,Bora Janić,Pro - 4,7
83,13.09-10 18:45:02.011508,690,Jesús Torres,Pro - 5,7
83,13.09-10 18:45:02.011508,691,Bruna Carneiro,Pro - 8,7
83,13.09-10 18:45:02.011508,692,Renato Ribeiro,Pro - 10,7
83,13.09-10 18:45:02.011508,693,Gabor Horvath,Pro - 11,7
83,13.09-10 18:45:02.011508,694,Zahid Özkara,Pro - 16,7
83,13.09-10 18:45:02.011508,695,Roman Ischenko,Pro - 16,7
83,13.09-10 18:45:02.011508,696,Eduard Gindullin,Pro - 19,7
83,13.09-10 18:45:02.011508,697,Eleutério Sousa,Pro - 19,7
83,13.09-10 18:45:02.011508,698,Leonardo Fiorotto,Pro - 20,7
83,13.09-10 18:45:02.011508,709,Emmanuel Manfre,Master - 1,7
83,13.09-10 18:45:02.011508,710,Joel Viitikko,Master - 3,7
83,13.09-10 18:45:02.011508,711,David Antonio Bovolon,Pro - 2,7
83,13.09-10 18:45:02.011508,712,Franco Sandoval,Pro - 2,7
83,13.09-10 18:45:02.011508,713,Erkin Aksoy,Pro - 3,7
83,13.09-10 18:45:02.011508,714,Eryk Madera,Pro - 5,7
83,13.09-10 18:45:02.011508,715,Wagner Miranda,Pro - 5,7
83,13.09-10 18:45:02.011508,716,Marco Basilico,Pro - 6,7
83,13.09-10 18:45:02.011508,717,Mark Iverson,Pro - 6,7
83,13.09-10 18:45:02.011508,718,Lili Oroszlán,Pro - 7,7
83,13.09-10 18:45:02.011508,719,Eugene Timchenko,Pro - 12,7
83,13.09-10 18:45:02.011508,720,Tomas Balsevicius,Pro - 15,7
83,13.09-10 18:45:02.011508,721,Miguel Rosso,Pro - 15,7
83,13.09-10 18:45:02.011508,722,Jhon Alexander Osorno Alvarez,Pro - 17,7
83,13.09-10 18:45:02.011508,723,Nicolás Soto,Pro - 17,7
83,13.09-10 18:45:02.011508,724,Andreas Weilemann,Pro - 19,7
83,13.09-10 18:45:02.011508,725,Ciccio Pappalardo,Pro - 20,7
83,13.09-10 18:45:02.011508,726,Rafael Bermejo,Pro - 21,7
83,13.09-10 18:45:02.011508,727,Ankush Gupta,Pro - 21,7
83,13.09-10 18:45:02.011508,728,Marco Memoria,Pro - 25,7
83,13.09-10 18:45:02.011508,736,Mantas Sestokas,Master - 2,7
83,13.09-10 18:45:02.011508,737,Abdullah Kasapoglu,Master - 5,7
83,13.09-10 18:45:02.011508,738,Timo Meyer,Master - 5,7
83,13.09-10 18:45:02.011508,739,Lazaros Spiliopoulos,Pro - 1,7
83,13.09-10 18:45:02.011508,740,Gonzalo Nieto,Pro - 4,7
83,13.09-10 18:45:02.011508,741,Daniel Pérez,Pro - 6,7
83,13.09-10 18:45:02.011508,742,Tim Wagner,Pro - 6,7
83,13.09-10 18:45:02.011508,743,Quentin Gonzalez,Pro - 7,7
83,13.09-10 18:45:02.011508,744,Filippo Gino,Pro - 9,7
83,13.09-10 18:45:02.011508,745,Paweł Piętka,Pro - 9,7
83,13.09-10 18:45:02.011508,746,Eduardo Zolin,Pro - 10,7
83,13.09-10 18:45:02.011508,747,Mateusz Górny,Pro - 12,7
83,13.09-10 18:45:02.011508,748,Edmundas Urbonas,Pro - 14,7
83,13.09-10 18:45:02.011508,749,Martin Pospíšil,Pro - 15,7
83,13.09-10 18:45:02.011508,750,Zdravko Subakov,Pro - 19,7
83,13.09-10 18:45:02.011508,751,Dmitrij Soldatenkov,Pro - 20,7
83,13.09-10 18:45:02.011508,752,Joel Christman,Pro - 23,7
83,13.09-10 18:45:02.011508,769,Dmitrij Polikarpov,Master - 1,7
83,13.09-10 18:45:02.011508,770,Ivars Vilks,Master - 4,7
83,13.09-10 18:45:02.011508,771,Sanjay Ashok Kumar,Pro - 2,7
83,13.09-10 18:45:02.011508,772,Patrick Hertach,Pro - 2,7
83,13.09-10 18:45:02.011508,773,Pablo Venini,Pro - 2,7
83,13.09-10 18:45:02.011508,774,Alex Alonso,Pro - 3,7
83,13.09-10 18:45:02.011508,775,Yiánnis Lólas,Pro - 3,7
83,13.09-10 18:45:02.011508,776,Laurie Grant,Pro - 4,7
83,13.09-10 18:45:02.011508,777,Stephen Brooks,Pro - 5,7
83,13.09-10 18:45:02.011508,778,Zsolt Varga,Pro - 5,7
83,13.09-10 18:45:02.011508,779,Edinson Antonio,Pro - 6,7
83,13.09-10 18:45:02.011508,780,Calum MacKinnon,Pro - 10,7
83,13.09-10 18:45:02.011508,781,Antonio Palazzo,Pro - 10,7
83,13.09-10 18:45:02.011508,782,Patrice Haas,Pro - 14,7
83,13.09-10 18:45:02.011508,783,Diogo Xavier Santos,Pro - 15,7
83,13.09-10 18:45:02.011508,784,Francesco Dolci,Pro - 17,7
83,13.09-10 18:45:02.011508,785,Pablo Alejo Herrero Lamuedra,Pro - 19,7
83,13.09-10 18:45:02.011508,786,Tamás Papdi,Pro - 19,7
83,13.09-10 18:45:02.011508,787,Frédéric Pierret,Pro - 21,7
83,13.09-10 18:45:02.011508,788,Harno Lé,Pro - 23,7
83,13.09-10 18:45:02.011508,789,Pedro Correia,Pro - 24,7
83,13.09-10 18:45:02.011508,804,Monique Lacroix,Pro - 4,7
83,13.09-10 18:45:02.011508,805,Paola Bellocco,Pro - 6,7
83,13.09-10 18:45:02.011508,806,Rodrigo Marino,Pro - 7,7
83,13.09-10 18:45:02.011508,807,Aleksandar Tot,Pro - 7,7
83,13.09-10 18:45:02.011508,808,Emo Hristov,Pro - 8,7
83,13.09-10 18:45:02.011508,809,Oleksa Vyshnivsky,Pro - 12,7
83,13.09-10 18:45:02.011508,810,Francesco Cairola,Pro - 14,7
83,13.09-10 18:45:02.011508,811,Ali İhsan Umutlu,Pro - 19,7
83,13.09-10 18:45:02.011508,812,Philippe Peyroche,Pro - 21,7
83,13.09-10 18:45:02.011508,813,Károly Pintér,Pro - 22,7
83,13.09-10 18:45:02.011508,814,Bernard Bontjer,Pro - 23,7
83,13.09-10 18:45:02.011508,815,Dimitry Korotunenko,Pro - 23,7
83,13.09-10 18:45:02.011508,829,Leandro Carvalho,Master - 3,7
83,13.09-10 18:45:02.011508,830,Richard Waugh,Master - 3,7
83,13.09-10 18:45:02.011508,831,David Hoz,Pro - 2,7
83,13.09-10 18:45:02.011508,832,Vencislav Stefanov,Pro - 2,7
83,13.09-10 18:45:02.011508,833,Vincent Baguet,Pro - 4,7
83,13.09-10 18:45:02.011508,834,Mael Grosjean,Pro - 8,7
83,13.09-10 18:45:02.011508,835,Dimítris Athinaíos,Pro - 9,7
83,13.09-10 18:45:02.011508,836,Dirk Sperling,Pro - 9,7
83,13.09-10 18:45:02.011508,837,Alin Berescu,Pro - 13,7
83,13.09-10 18:45:02.011508,838,Jiří Humpolák,Pro - 16,7
83,13.09-10 18:45:02.011508,839,Níkos Mpalkámos,Pro - 19,7
83,13.09-10 18:45:02.011508,840,Ernestas Kalašinskas,Pro - 21,7
83,13.09-10 18:45:02.011508,841,Juan Carlos Sánchez,Pro - 21,7
83,13.09-10 18:45:02.011508,842,Henrikas Svidras,Pro - 21,7
83,13.09-10 18:45:02.011508,843,Milos Markovic,Pro - 22,7
83,13.09-10 18:45:02.011508,844,Matthew Wheeler,Pro - 22,7
83,13.09-10 18:45:02.011508,845,Deepak Kar,Pro - 23,7
83,13.09-10 18:45:02.011508,846,Alihan Zor,Pro - 23,7
83,13.09-10 18:45:02.011508,860,Valter Andreiev,Master - 1,7
83,13.09-10 18:45:02.011508,861,Damir Kalaev,Master - 1,7
83,13.09-10 18:45:02.011508,862,Matheus Senna Ramos,Master - 5,7
83,13.09-10 18:45:02.011508,863,Sebastian Cangaro,Pro - 2,7
83,13.09-10 18:45:02.011508,864,Nastia Mikulenak,Pro - 2,7
83,13.09-10 18:45:02.011508,865,Tianhao Chen,Pro - 7,7
83,13.09-10 18:45:02.011508,866,Dóró Gábor,Pro - 7,7
83,13.09-10 18:45:02.011508,867,Róbert Jakó,Pro - 7,7
83,13.09-10 18:45:02.011508,868,Pablo Pereira,Pro - 7,7
83,13.09-10 18:45:02.011508,869,Giacomo James Devilman,Pro - 9,7
83,13.09-10 18:45:02.011508,870,Ugo Venturi,Pro - 9,7
83,13.09-10 18:45:02.011508,871,Victor Nekrasov,Pro - 10,7
83,13.09-10 18:45:02.011508,872,Bruno Dias,Pro - 11,7
83,13.09-10 18:45:02.011508,873,Mario Maietto,Pro - 11,7
83,13.09-10 18:45:02.011508,874,Reece Laundon,Pro - 12,7
83,13.09-10 18:45:02.011508,875,Alexandru Ionut,Pro - 13,7
83,13.09-10 18:45:02.011508,876,Kshitij Sharma,Pro - 13,7
83,13.09-10 18:45:02.011508,877,Gastón Paris,Pro - 15,7
83,13.09-10 18:45:02.011508,878,Victor Chernyshev,Pro - 16,7
83,13.09-10 18:45:02.011508,879,Tadeu Bolzan,Pro - 18,7
83,13.09-10 18:45:02.011508,880,Richard Hrmo,Pro - 19,7
83,13.09-10 18:45:02.011508,881,Davy Van Den Abbeele,Pro - 19,7
83,13.09-10 18:45:02.011508,882,Matheus Gemignani,Pro - 21,7
83,13.09-10 18:45:02.011508,883,Giovanni Mazzanati,Pro - 21,7
83,13.09-10 18:45:02.011508,884,Gideon Rosa,Pro - 21,7
83,13.09-10 18:45:02.011508,885,Orlin Popov,Pro - 22,7
83,13.09-10 18:45:02.011508,886,Silvestre Fonseca,Pro - 23,7
83,13.09-10 18:45:02.011508,887,David de la Hoz,Pro - 24,7
83,13.09-10 18:45:02.011508,894,Toni Kazanjyan,Master - 3,7
83,13.09-10 18:45:02.011508,895,Mark Philips,Master - 4,7
83,13.09-10 18:45:02.011508,896,Iulian Brutaru,Pro - 1,7
83,13.09-10 18:45:02.011508,897,Sante Severini,Pro - 4,7
83,13.09-10 18:45:02.011508,898,Sergey Kozlenko,Pro - 6,7
83,13.09-10 18:45:02.011508,899,Vitaliy Repetsky,Pro - 7,7
83,13.09-10 18:45:02.011508,900,Geovane Ribeiro,Pro - 8,7
83,13.09-10 18:45:02.011508,901,Nikolaï Samarine,Pro - 8,7
83,13.09-10 18:45:02.011508,902,Kevinas Breive,Pro - 9,7
83,13.09-10 18:45:02.011508,903,Máximo Dolz,Pro - 9,7
83,13.09-10 18:45:02.011508,904,Kuba Debiec,Pro - 10,7
83,13.09-10 18:45:02.011508,905,Javier Bruschi,Pro - 13,7
83,13.09-10 18:45:02.011508,906,Domien Luts,Pro - 13,7
83,13.09-10 18:45:02.011508,907,Bill Mesaros,Pro - 13,7
83,13.09-10 18:45:02.011508,908,Sito Haus,Pro - 14,7
83,13.09-10 18:45:02.011508,909,Marius Slavinskas,Pro - 15,7
83,13.09-10 18:45:02.011508,910,Ricardo Silva,Pro - 16,7
83,13.09-10 18:45:02.011508,911,Nicolas Tonelli,Pro - 16,7
83,13.09-10 18:45:02.011508,912,Adriano Barbosa,Pro - 18,7
83,13.09-10 18:45:02.011508,913,Lucas Santiago,Pro - 18,7
83,13.09-10 18:45:02.011508,914,Victor Fabiano,Pro - 20,7
83,13.09-10 18:45:02.011508,915,Luiz Souza,Pro - 21,7
83,13.09-10 18:45:02.011508,916,Fred Hauser,Pro - 23,7
83,13.09-10 18:45:02.011508,917,Mika Ruutiainen,Pro - 25,7
83,13.09-10 18:45:02.011508,918,József Szente,Pro - 25,7
83,13.09-10 18:45:02.011508,936,Daniel Andrade,Master - 4,7
83,13.09-10 18:45:02.011508,937,Rowie Halcon,Pro - 1,7
83,13.09-10 18:45:02.011508,938,Grzegorz Laszczewski,Pro - 4,7
83,13.09-10 18:45:02.011508,939,Samuele Raco,Pro - 4,7
83,13.09-10 18:45:02.011508,940,Francesco Cambi,Pro - 6,7
83,13.09-10 18:45:02.011508,941,László Hodosán,Pro - 6,7
83,13.09-10 18:45:02.011508,942,Xavier Prett,Pro - 7,7
83,13.09-10 18:45:02.011508,943,Marco Triulzi,Pro - 7,7
83,13.09-10 18:45:02.011508,944,Paulo Varela,Pro - 7,7
83,13.09-10 18:45:02.011508,945,Gyula Kalmár,Pro - 8,7
83,13.09-10 18:45:02.011508,946,Gilles Ritiere,Pro - 8,7
83,13.09-10 18:45:02.011508,947,Cezary Skonieczny,Pro - 8,7
83,13.09-10 18:45:02.011508,948,Marko Dragojević,Pro - 14,7
83,13.09-10 18:45:02.011508,949,Valerio Cirri,Pro - 15,7
83,13.09-10 18:45:02.011508,950,Michele Jannone,Pro - 15,7
83,13.09-10 18:45:02.011508,951,Caíke Kauling,Pro - 16,7
83,13.09-10 18:45:02.011508,952,Marcelo Tavares,Pro - 16,7
83,13.09-10 18:45:02.011508,953,Gabriel Miranda,Pro - 18,7
83,13.09-10 18:45:02.011508,954,Theodosis Vogiatzis,Pro - 20,7
83,13.09-10 18:45:02.011508,955,Lucas Araujo,Pro - 21,7
83,13.09-10 18:45:02.011508,956,Allan Stockinger,Pro - 22,7
83,13.09-10 18:45:02.011508,965,Mika Pekkarinen,Master - 2,7
83,13.09-10 18:45:02.011508,966,Martin Frei,Pro - 1,7
83,13.09-10 18:45:02.011508,967,Martin Rosina,Pro - 1,7
83,13.09-10 18:45:02.011508,968,Zoltán Kucora,Pro - 2,7
83,13.09-10 18:45:02.011508,969,Santiago Chaher,Pro - 4,7
83,13.09-10 18:45:02.011508,970,David Dias,Pro - 6,7
83,13.09-10 18:45:02.011508,971,Jonathan Soignat,Pro - 6,7
83,13.09-10 18:45:02.011508,972,Taco Albers,Pro - 7,7
83,13.09-10 18:45:02.011508,973,Gabriel Trentini,Pro - 7,7
83,13.09-10 18:45:02.011508,974,Petr Valíček,Pro - 7,7
83,13.09-10 18:45:02.011508,975,Jim Panse,Pro - 8,7
83,13.09-10 18:45:02.011508,976,Tobias Ernesto Pessotano,Pro - 9,7
83,13.09-10 18:45:02.011508,977,Alexandru Diaconu,Pro - 10,7
83,13.09-10 18:45:02.011508,978,Jimmy Severini,Pro - 11,7
83,13.09-10 18:45:02.011508,979,Alexander Kateliev,Pro - 15,7
83,13.09-10 18:45:02.011508,980,Tihamér Pál,Pro - 18,7
83,13.09-10 18:45:02.011508,981,Peter Nile,Pro - 24,7
83,13.09-10 18:45:02.011508,982,László Kovácsi,Pro - 25,7
83,13.09-10 18:45:02.011508,983,Chris Tsalas,Pro - 25,7
83,13.09-10 18:45:02.011508,996,Stephane Pioger,Pro - 1,7
83,13.09-10 18:45:02.011508,997,Jeroným Uhlíř,Pro - 3,7
83,13.09-10 18:45:02.011508,998,Cristian Cattaneo,Pro - 4,7
83,13.09-10 18:45:02.011508,999,Vova Oknov,Pro - 4,7
83,13.09-10 18:45:02.011508,1000,Fragkiskos Léfkaros,Pro - 6,7
83,13.09-10 18:45:02.011508,1001,Robert Raczkiewicz,Pro - 9,7
83,13.09-10 18:45:02.011508,1002,Bob Liegi,Pro - 11,7
83,13.09-10 18:45:02.011508,1003,Ambroz Pondelek,Pro - 14,7
83,13.09-10 18:45:02.011508,1004,Goran Milenkovic,Pro - 16,7
83,13.09-10 18:45:02.011508,1005,Frederik Broux,Pro - 19,7
83,13.09-10 18:45:02.011508,1006,Giannis Patilas,Pro - 19,7
83,13.09-10 18:45:02.011508,1007,Carmine Esposito,Pro - 20,7
83,13.09-10 18:45:02.011508,1008,Rogerio Mandler,Pro - 20,7
83,13.09-10 18:45:02.011508,1009,Bruno Da Silva,Pro - 21,7
83,13.09-10 18:45:02.011508,1010,Roman Sokolov,Pro - 21,7
83,13.09-10 18:45:02.011508,1011,Jesús Pérez,Pro - 23,7
83,13.09-10 18:45:02.011508,1012,Tibor Szuromi,Pro - 23,7
83,13.09-10 18:45:02.011508,1013,Dean Francis,Pro - 25,7
83,13.09-10 18:45:02.011508,1052,Carlo Marchetti,Pro - 4,7
83,13.09-10 18:45:02.011508,1053,Yakup Paçacı,Pro - 7,7
83,13.09-10 18:45:02.011508,1054,Alex Tolmar,Pro - 7,7
83,13.09-10 18:45:02.011508,1055,Marco Parinetti,Pro - 8,7
83,13.09-10 18:45:02.011508,1056,Gabor Herna,Pro - 9,7
83,13.09-10 18:45:02.011508,1057,Petri Minni,Pro - 9,7
83,13.09-10 18:45:02.011508,1058,Vsevolod Demydov,Pro - 17,7
83,13.09-10 18:45:02.011508,1059,Andriy Dyadkovich,Pro - 18,7
83,13.09-10 18:45:02.011508,1060,Roberto Schumacher,Pro - 20,7
83,13.09-10 18:45:02.011508,1061,Christopher Willis,Pro - 21,7
83,13.09-10 18:45:02.011508,1062,Zivanovic Nikola,Pro - 22,7
83,13.09-10 18:45:02.011508,1063,Leanne Lowe,Pro - 24,7
83,13.09-10 18:45:02.011508,1079,Marcello Pinheiro,Pro - 2,7
83,13.09-10 18:45:02.011508,1080,Nikola Brojak,Pro - 8,7
83,13.09-10 18:45:02.011508,1081,Sergio Roman,Pro - 10,7
83,13.09-10 18:45:02.011508,1082,Marco Ferraz,Pro - 14,7
83,13.09-10 18:45:02.011508,1083,Joe Manifold,Pro - 19,7
83,13.09-10 18:45:02.011508,1084,Marcin Milczarek,Pro - 19,7
83,13.09-10 18:45:02.011508,1085,Fábio Schrier,Pro - 25,7
83,13.09-10 18:45:02.011508,1108,Leonardo Solazzi,Master - 4,7
83,13.09-10 18:45:02.011508,1109,Ilija Radovanovic,Pro - 1,7
83,13.09-10 18:45:02.011508,1110,Marius Valentin Brutaru,Pro - 2,7
83,13.09-10 18:45:02.011508,1111,Tom Hewer,Pro - 2,7
83,13.09-10 18:45:02.011508,1112,Grigoris Stephanakis,Pro - 2,7
83,13.09-10 18:45:02.011508,1113,André Henriques,Pro - 6,7
83,13.09-10 18:45:02.011508,1114,Johan Dominé,Pro - 9,7
83,13.09-10 18:45:02.011508,1115,Paulo Peralta,Pro - 10,7
83,13.09-10 18:45:02.011508,1116,Alex Mehser,Pro - 11,7
83,13.09-10 18:45:02.011508,1117,Endre Hollós,Pro - 12,7
83,13.09-10 18:45:02.011508,1118,József Magyari,Pro - 18,7
83,13.09-10 18:45:02.011508,1119,Pablo Gustavo,Pro - 19,7
83,13.09-10 18:45:02.011508,1120,Goran Vukovic,Pro - 20,7
83,13.09-10 18:45:02.011508,1121,Carlos Alfredo Habegger,Pro - 24,7
83,13.09-10 18:45:02.011508,1140,Thomas Bertolino,Master - 1,7
83,13.09-10 18:45:02.011508,1141,Alberto Pérez,Master - 3,7
83,13.09-10 18:45:02.011508,1142,Jean-françois Charbinat,Master - 5,7
83,13.09-10 18:45:02.011508,1143,Kiss Attila,Pro - 3,7
83,13.09-10 18:45:02.011508,1144,Kaiko Kell,Pro - 7,7
83,13.09-10 18:45:02.011508,1145,Geoff Marks,Pro - 8,7
83,13.09-10 18:45:02.011508,1146,David Andrewartha,Pro - 12,7
83,13.09-10 18:45:02.011508,1147,Matthew Standen,Pro - 12,7
83,13.09-10 18:45:02.011508,1148,George Togas,Pro - 13,7
83,13.09-10 18:45:02.011508,1149,Victor Kamennov,Pro - 16,7
83,13.09-10 18:45:02.011508,1150,Peter Both,Pro - 18,7
83,13.09-10 18:45:02.011508,1151,Michael Zenger,Pro - 18,7
83,13.09-10 18:45:02.011508,1152,Olver Hernández,Pro - 20,7
83,13.09-10 18:45:02.011508,1153,Andrzej Dąbrowski,Pro - 23,7
83,13.09-10 18:45:02.011508,1154,Kirsty Ridley,Pro - 23,7
83,13.09-10 18:45:02.011508,1155,Chad Stringer,Pro - 25,7
83,13.09-10 18:45:02.011508,1179,Ben De Leeuw,Pro - 1,7
83,13.09-10 18:45:02.011508,1180,Toms Polis,Pro - 2,7
83,13.09-10 18:45:02.011508,1181,Omiros Pevlantzos,Pro - 3,7
83,13.09-10 18:45:02.011508,1182,Will Eel,Pro - 6,7
83,13.09-10 18:45:02.011508,1183,Danijel Vranešić,Pro - 7,7
83,13.09-10 18:45:02.011508,1184,Dusan Zacpal,Pro - 10,7
83,13.09-10 18:45:02.011508,1185,Juan Carlos Mendez,Pro - 11,7
83,13.09-10 18:45:02.011508,1186,Marco Lopes,Pro - 13,7
83,13.09-10 18:45:02.011508,1187,José Luis Navarro,Pro - 14,7
83,13.09-10 18:45:02.011508,1188,Lucas Holmes,Pro - 16,7
83,13.09-10 18:45:02.011508,1189,Jairo Teixeira,Pro - 18,7
83,13.09-10 18:45:02.011508,1190,Stewart James,Pro - 19,7
83,13.09-10 18:45:02.011508,1203,Armando Feresin Pedrana,Pro - 1,7
83,13.09-10 18:45:02.011508,1204,Tolis Nasios,Pro - 1,7
83,13.09-10 18:45:02.011508,1205,Peter Thompson,Pro - 1,7
83,13.09-10 18:45:02.011508,1206,Franciscus Van Essche,Pro - 3,7
83,13.09-10 18:45:02.011508,1207,Marcelo Reis Carvalho,Pro - 4,7
83,13.09-10 18:45:02.011508,1208,Zoran Korolija,Pro - 7,7
83,13.09-10 18:45:02.011508,1209,Darek Krawczuk,Pro - 9,7
83,13.09-10 18:45:02.011508,1210,Marcelo Gallardo,Pro - 10,7
83,13.09-10 18:45:02.011508,1211,Joel Trekane,Pro - 10,7
83,13.09-10 18:45:02.011508,1212,Olivier Baptista,Pro - 11,7
83,13.09-10 18:45:02.011508,1213,Daniel Bertoya,Pro - 11,7
83,13.09-10 18:45:02.011508,1214,Zsolt Modoc,Pro - 13,7
83,13.09-10 18:45:02.011508,1215,Aliprando Siraghi,Pro - 14,7
83,13.09-10 18:45:02.011508,1216,Andrian Naidenov,Pro - 18,7
83,13.09-10 18:45:02.011508,1217,Brian Blagdon,Pro - 20,7
83,13.09-10 18:45:02.011508,1218,Jose Luis Castro,Pro - 25,7
83,13.09-10 18:45:02.011508,1234,Lauren Earnest,Master - 1,7
83,13.09-10 18:45:02.011508,1235,Joelson Gonçalves,Pro - 1,7
83,13.09-10 18:45:02.011508,1236,James Mcgregor,Pro - 3,7
83,13.09-10 18:45:02.011508,1237,Gonçalo Fernandes,Pro - 6,7
83,13.09-10 18:45:02.011508,1238,Martin Cook,Pro - 8,7
83,13.09-10 18:45:02.011508,1239,Edward Coulman,Pro - 13,7
83,13.09-10 18:45:02.011508,1240,Matías Alloatti,Pro - 14,7
83,13.09-10 18:45:02.011508,1241,Aditya Wirasanjaya,Pro - 15,7
83,13.09-10 18:45:02.011508,1242,Zoltán Zsifkó,Pro - 21,7
83,13.09-10 18:45:02.011508,1243,Phil Symonds,Pro - 22,7
83,13.09-10 18:45:02.011508,1244,Tamás Konrád,Pro - 24,7
83,13.09-10 18:45:02.011508,1259,Sameer Marathe,Pro - 3,7
83,13.09-10 18:45:02.011508,1260,Davide Andreoli,Pro - 5,7
83,13.09-10 18:45:02.011508,1261,Felipe Bello,Pro - 10,7
83,13.09-10 18:45:02.011508,1262,Mahesh Bheemaraj,Pro - 11,7
83,13.09-10 18:45:02.011508,1263,Kamil Wojciechowski,Pro - 11,7
83,13.09-10 18:45:02.011508,1264,Leonardo Araújo,Pro - 14,7
83,13.09-10 18:45:02.011508,1265,Mario Hernandez,Pro - 14,7
83,13.09-10 18:45:02.011508,1266,Daniel Rodriguez,Pro - 14,7
83,13.09-10 18:45:02.011508,1267,Alex Phil,Pro - 15,7
83,13.09-10 18:45:02.011508,1268,Michal Presinsky,Pro - 16,7
83,13.09-10 18:45:02.011508,1269,Stefan Leitgeb,Pro - 17,7
83,13.09-10 18:45:02.011508,1270,Jos Haarsma,Pro - 21,7
83,13.09-10 18:45:02.011508,1271,Nick Tsagarakis,Pro - 22,7
83,13.09-10 18:45:02.011508,1272,Sagar Abhyankar,Pro - 24,7
83,13.09-10 18:45:02.011508,1299,Paweł Dudziński,Master - 4,6
83,13.09-10 18:45:02.011508,1300,Lychezar Stoyanov,Master - 5,6
83,13.09-10 18:45:02.011508,1301,Erwan Le Caill,Pro - 2,6
83,13.09-10 18:45:02.011508,1302,Pablo Carba,Pro - 5,6
83,13.09-10 18:45:02.011508,1303,Miguel López-torres Stadler,Pro - 5,6
83,13.09-10 18:45:02.011508,1304,Francisco Mendia,Pro - 5,6
83,13.09-10 18:45:02.011508,1305,Davide Galliani,Pro - 9,6
83,13.09-10 18:45:02.011508,1306,Lucio Ferreira,Pro - 10,6
83,13.09-10 18:45:02.011508,1307,Federico Pereyra,Pro - 10,6
83,13.09-10 18:45:02.011508,1308,Leonel Rey,Pro - 13,6
83,13.09-10 18:45:02.011508,1309,Petrus Taskila,Pro - 13,6
83,13.09-10 18:45:02.011508,1310,Ufuk Yasayan,Pro - 15,6
83,13.09-10 18:45:02.011508,1311,Jose Luis Macho Pita,Pro - 16,6
83,13.09-10 18:45:02.011508,1312,Gavin Adam,Pro - 24,6
83,13.09-10 18:45:02.011508,1313,Daniel Bonilla,Pro - 25,6
83,13.09-10 18:45:02.011508,1328,Đuro Prejc,Master - 2,6
83,13.09-10 18:45:02.011508,1329,Pablo Bagnalasta,Pro - 3,6
83,13.09-10 18:45:02.011508,1330,Juan Manuel Collova,Pro - 3,6
83,13.09-10 18:45:02.011508,1331,Ahmet Ozturk,Pro - 8,6
83,13.09-10 18:45:02.011508,1332,Kardos Tibor,Pro - 10,6
83,13.09-10 18:45:02.011508,1333,Salvatore Di Meo,Pro - 12,6
83,13.09-10 18:45:02.011508,1334,Sam Durrant,Pro - 12,6
83,13.09-10 18:45:02.011508,1335,Dominik Krowiak,Pro - 12,6
83,13.09-10 18:45:02.011508,1336,Michal Okulski,Pro - 13,6
83,13.09-10 18:45:02.011508,1337,Oeste Berta,Pro - 14,6
83,13.09-10 18:45:02.011508,1338,Sergio Malonni,Pro - 15,6
83,13.09-10 18:45:02.011508,1339,Aleksey Skrypnev,Pro - 16,6
83,13.09-10 18:45:02.011508,1340,Thiago Mendes,Pro - 17,6
83,13.09-10 18:45:02.011508,1341,Francesco Polleggioni,Pro - 17,6
83,13.09-10 18:45:02.011508,1342,Sebastian Velosa,Pro - 17,6
83,13.09-10 18:45:02.011508,1343,Petar Chuchukov,Pro - 19,6
83,13.09-10 18:45:02.011508,1344,Tolga Erkan,Pro - 23,6
83,13.09-10 18:45:02.011508,1345,Ping Hui,Pro - 24,6
83,13.09-10 18:45:02.011508,1363,Rémy Pointet,Master - 4,6
83,13.09-10 18:45:02.011508,1364,Miklós Gál,Pro - 5,6
83,13.09-10 18:45:02.011508,1365,Christian Aunkofer,Pro - 6,6
83,13.09-10 18:45:02.011508,1366,Dmitry Serebryakov,Pro - 6,6
83,13.09-10 18:45:02.011508,1367,Maciej Żmudziński,Pro - 7,6
83,13.09-10 18:45:02.011508,1368,Denny Holt,Pro - 10,6
83,13.09-10 18:45:02.011508,1369,Massimo Dinolfo,Pro - 17,6
83,13.09-10 18:45:02.011508,1370,Enzo Sbarbini,Pro - 17,6
83,13.09-10 18:45:02.011508,1371,Paweł Szewczyk,Pro - 17,6
83,13.09-10 18:45:02.011508,1372,Vladimir Viktorovich,Pro - 17,6
83,13.09-10 18:45:02.011508,1373,Igor Mihaliska,Pro - 18,6
83,13.09-10 18:45:02.011508,1374,Djordje Arulic,Pro - 19,6
83,13.09-10 18:45:02.011508,1375,Alexander Hoppe,Pro - 19,6
83,13.09-10 18:45:02.011508,1376,Kyriakos Panousis,Pro - 22,6
83,13.09-10 18:45:02.011508,1377,Marta De Marinis,Pro - 23,6
83,13.09-10 18:45:02.011508,1378,Hakan Tatar,Pro - 24,6
83,13.09-10 18:45:02.011508,1395,Gonzalo Reta,Pro - 1,6
83,13.09-10 18:45:02.011508,1396,Marco Krane,Pro - 3,6
83,13.09-10 18:45:02.011508,1397,Patricio Ferrero,Pro - 5,6
83,13.09-10 18:45:02.011508,1398,Finn Shaw-McIver,Pro - 5,6
83,13.09-10 18:45:02.011508,1399,László Kerezsi,Pro - 7,6
83,13.09-10 18:45:02.011508,1400,Jean-marc Boissinot,Pro - 9,6
83,13.09-10 18:45:02.011508,1401,Varga Gábor,Pro - 9,6
83,13.09-10 18:45:02.011508,1402,Aswin Witte,Pro - 9,6
83,13.09-10 18:45:02.011508,1403,Tom Bux,Pro - 10,6
83,13.09-10 18:45:02.011508,1404,Andre Cherkasoff,Pro - 10,6
83,13.09-10 18:45:02.011508,1405,Geoffrey Gill,Pro - 12,6
83,13.09-10 18:45:02.011508,1406,Pavel Ionescu,Pro - 13,6
83,13.09-10 18:45:02.011508,1407,Angel Salas,Pro - 13,6
83,13.09-10 18:45:02.011508,1408,Roland Balog,Pro - 16,6
83,13.09-10 18:45:02.011508,1409,Csaba Csarankó,Pro - 19,6
83,13.09-10 18:45:02.011508,1424,Hola Evony,Master - 1,6
83,13.09-10 18:45:02.011508,1425,Sergejs Muravka,Pro - 4,6
83,13.09-10 18:45:02.011508,1426,Ricardo Beato,Pro - 8,6
83,13.09-10 18:45:02.011508,1427,Gökay Çiftçi,Pro - 11,6
83,13.09-10 18:45:02.011508,1428,Erik Chrin,Pro - 11,6
83,13.09-10 18:45:02.011508,1429,Lukasz Szymanski,Pro - 11,6
83,13.09-10 18:45:02.011508,1430,Mihail Horvath,Pro - 12,6
83,13.09-10 18:45:02.011508,1431,Marin Ružić,Pro - 14,6
83,13.09-10 18:45:02.011508,1432,Jose Luis Monty,Pro - 21,6
83,13.09-10 18:45:02.011508,1433,Giuseppe Lamanna,Pro - 24,6
83,13.09-10 18:45:02.011508,1461,Christoph Seifriedsberger,Pro - 1,6
83,13.09-10 18:45:02.011508,1462,Marcos Amaral,Pro - 2,6
83,13.09-10 18:45:02.011508,1463,Patrick Feise,Pro - 3,6
83,13.09-10 18:45:02.011508,1464,Albert Nagy,Pro - 8,6
83,13.09-10 18:45:02.011508,1465,Gonzalo Falcetti Gonzalez,Pro - 13,6
83,13.09-10 18:45:02.011508,1466,Stéphane Rombaux,Pro - 14,6
83,13.09-10 18:45:02.011508,1467,Roman Lizogub,Pro - 16,6
83,13.09-10 18:45:02.011508,1468,Sarah Billiotte,Pro - 22,6
83,13.09-10 18:45:02.011508,1469,Guido Simonetta,Pro - 22,6
83,13.09-10 18:45:02.011508,1470,Marco Huber,Pro - 23,6
83,13.09-10 18:45:02.011508,1471,Marvin Morales,Pro - 24,6
83,13.09-10 18:45:02.011508,1472,Vilius Ceponis,Pro - 25,6
83,13.09-10 18:45:02.011508,1473,Paul Morak,Pro - 25,6
83,13.09-10 18:45:02.011508,1499,Patrick Urlings,Master - 2,6
83,13.09-10 18:45:02.011508,1500,Alexandre Bissiriex,Pro - 3,6
83,13.09-10 18:45:02.011508,1501,Evaldas Kurmis,Pro - 8,6
83,13.09-10 18:45:02.011508,1502,Anderson Lima,Pro - 8,6
83,13.09-10 18:45:02.011508,1503,Łukasz Tretyn,Pro - 8,6
83,13.09-10 18:45:02.011508,1504,Rich Weaving,Pro - 9,6
83,13.09-10 18:45:02.011508,1505,Ali Aydın,Pro - 11,6
83,13.09-10 18:45:02.011508,1506,Alessandro Facchetti,Pro - 12,6
83,13.09-10 18:45:02.011508,1507,Juliano Berti,Pro - 17,6
83,13.09-10 18:45:02.011508,1508,Alex Cos,Pro - 18,6
83,13.09-10 18:45:02.011508,1509,Abhishek Kankonkar,Pro - 21,6
83,13.09-10 18:45:02.011508,1510,Hováth Kázmér,Pro - 22,6
83,13.09-10 18:45:02.011508,1511,David Evans,Pro - 23,6
83,13.09-10 18:45:02.011508,1512,Bartosz Szymczak,Pro - 25,6
83,13.09-10 18:45:02.011508,1533,Kaur Sirel,Master - 1,6
83,13.09-10 18:45:02.011508,1534,Bill Vasilonikolos,Pro - 4,6
83,13.09-10 18:45:02.011508,1535,Sherry Sunderland,Pro - 5,6
83,13.09-10 18:45:02.011508,1536,Valter Polsaque,Pro - 11,6
83,13.09-10 18:45:02.011508,1537,Carlos Louzeiro,Pro - 13,6
83,13.09-10 18:45:02.011508,1538,Didier Charlot,Pro - 18,6
83,13.09-10 18:45:02.011508,1539,Yiánnis Spirópoulos,Pro - 21,6
83,13.09-10 18:45:02.011508,1540,Antonio Veiga,Pro - 21,6
83,13.09-10 18:45:02.011508,1541,Sergio Ferraro,Pro - 22,6
83,13.09-10 18:45:02.011508,1542,Daniele Mezzabotta,Pro - 25,6
83,13.09-10 18:45:02.011508,1563,Aleksej Sutkin,Pro - 3,6
83,13.09-10 18:45:02.011508,1564,Zoli Horvath,Pro - 6,6
83,13.09-10 18:45:02.011508,1565,Daniel Tackaberry,Pro - 14,6
83,13.09-10 18:45:02.011508,1566,Willian Moura,Pro - 17,6
83,13.09-10 18:45:02.011508,1567,Martina Kirakovjanova,Pro - 22,6
83,13.09-10 18:45:02.011508,1568,Ariel Fuentes,Pro - 24,6
83,13.09-10 18:45:02.011508,1569,Jim Panoushs,Pro - 25,6
83,13.09-10 18:45:02.011508,1593,Carlo Marinari,Master - 4,6
83,13.09-10 18:45:02.011508,1594,Róbert László,Master - 5,6
83,13.09-10 18:45:02.011508,1595,Doru Paraschiv,Pro - 1,6
83,13.09-10 18:45:02.011508,1596,Christian Anello,Pro - 4,6
83,13.09-10 18:45:02.011508,1597,Alejandro Hernández,Pro - 4,6
83,13.09-10 18:45:02.011508,1598,Peter Mulholland,Pro - 4,6
83,13.09-10 18:45:02.011508,1599,Richard Molyneaux,Pro - 8,6
83,13.09-10 18:45:02.011508,1600,Stuart Foster,Pro - 12,6
83,13.09-10 18:45:02.011508,1601,Bruno Scarlata,Pro - 13,6
83,13.09-10 18:45:02.011508,1602,Claudio Lima,Pro - 17,6
83,13.09-10 18:45:02.011508,1627,João Scarcela,Pro - 2,6
83,13.09-10 18:45:02.011508,1628,Tomasz Mazepa,Pro - 3,6
83,13.09-10 18:45:02.011508,1629,Massimo Baroni,Pro - 4,6
83,13.09-10 18:45:02.011508,1630,Mussulin Junior,Pro - 4,6
83,13.09-10 18:45:02.011508,1631,Pulido Quintero,Pro - 5,6
83,13.09-10 18:45:02.011508,1632,Fernando Pallas,Pro - 7,6
83,13.09-10 18:45:02.011508,1633,Diogo Carrapiço,Pro - 14,6
83,13.09-10 18:45:02.011508,1634,Marcio Klaus,Pro - 15,6
83,13.09-10 18:45:02.011508,1635,Dominik Tóth,Pro - 15,6
83,13.09-10 18:45:02.011508,1636,Julio Pereira,Pro - 19,6
83,13.09-10 18:45:02.011508,1637,Michal Andrýsekk,Pro - 20,6
83,13.09-10 18:45:02.011508,1638,Jeremy Sarrasin,Pro - 22,6
83,13.09-10 18:45:02.011508,1639,Ivan Stojkovic,Pro - 22,6
83,13.09-10 18:45:02.011508,1640,Christian Wonisch,Pro - 22,6
83,13.09-10 18:45:02.011508,1641,Martin Campos,Pro - 24,6
83,13.09-10 18:45:02.011508,1642,João Afro Barros Leal,Pro - 25,6
83,13.09-10 18:45:02.011508,1662,Vladimir Marinov,Master - 3,6
83,13.09-10 18:45:02.011508,1663,Deives Costa,Pro - 1,6
83,13.09-10 18:45:02.011508,1664,Atli Thor Johannesson,Pro - 1,6
83,13.09-10 18:45:02.011508,1665,Guilherme Oliveira,Pro - 2,6
83,13.09-10 18:45:02.011508,1666,Laci Hola,Pro - 4,6
83,13.09-10 18:45:02.011508,1667,Kaan Dagasan,Pro - 9,6
83,13.09-10 18:45:02.011508,1668,Sergey Bolshakov,Pro - 10,6
83,13.09-10 18:45:02.011508,1669,Paulo Carneiro,Pro - 12,6
83,13.09-10 18:45:02.011508,1670,Andrea Di Pietro,Pro - 14,6
83,13.09-10 18:45:02.011508,1671,Gergely Kondár,Pro - 14,6
83,13.09-10 18:45:02.011508,1672,Jon Bell,Pro - 23,6
83,13.09-10 18:45:02.011508,1673,Marek Waleczek,Pro - 25,6
83,13.09-10 18:45:02.011508,1698,Darthson Bonassoli,Master - 5,6
83,13.09-10 18:45:02.011508,1699,Vania Duarte,Pro - 6,6
83,13.09-10 18:45:02.011508,1700,Cole Fainter,Pro - 12,6
83,13.09-10 18:45:02.011508,1701,Michael Reyer,Pro - 13,6
83,13.09-10 18:45:02.011508,1702,Walter Caballero,Pro - 17,6
83,13.09-10 18:45:02.011508,1703,Neil Cole,Pro - 22,6
83,13.09-10 18:45:02.011508,1704,Robin Goodey,Pro - 24,6
83,13.09-10 18:45:02.011508,1705,Stanislav Frolov,Pro - 25,6
83,13.09-10 18:45:02.011508,1706,Alex Popa,Pro - 25,6
83,13.09-10 18:45:02.011508,1731,Paolo Di Giuseppe,Pro - 1,6
83,13.09-10 18:45:02.011508,1732,Thomas Marx,Pro - 11,6
83,13.09-10 18:45:02.011508,1733,Peter Kontra,Pro - 13,6
83,13.09-10 18:45:02.011508,1734,Mihail Morozov,Pro - 14,6
83,13.09-10 18:45:02.011508,1735,Deni Saja,Pro - 18,6
83,13.09-10 18:45:02.011508,1736,Andrew Lawrence,Pro - 19,6
83,13.09-10 18:45:02.011508,1737,Čeněk Urvalfiltr,Pro - 21,6
83,13.09-10 18:45:02.011508,1738,Nilson Pina,Pro - 22,6
83,13.09-10 18:45:02.011508,1739,Keith Whittaker,Pro - 23,6
83,13.09-10 18:45:02.011508,1761,Micael Vinhas,Master - 2,6
83,13.09-10 18:45:02.011508,1762,Fabio Fonzie,Pro - 5,6
83,13.09-10 18:45:02.011508,1763,Samoeni Albanalopolis,Pro - 6,6
83,13.09-10 18:45:02.011508,1764,Miguel Caetano,Pro - 8,6
83,13.09-10 18:45:02.011508,1765,Francesco Raggio,Pro - 18,6
83,13.09-10 18:45:02.011508,1766,Daniel Iliev,Pro - 19,6
83,13.09-10 18:45:02.011508,1767,Diego Palacio,Pro - 20,6
83,13.09-10 18:45:02.011508,1768,Felipe Mafra,Pro - 23,6
83,13.09-10 18:45:02.011508,1797,Pablo Borges,Master - 4,6
83,13.09-10 18:45:02.011508,1798,Simone Bianchi,Pro - 5,6
83,13.09-10 18:45:02.011508,1799,Jiřina Bojanovská,Pro - 5,6
83,13.09-10 18:45:02.011508,1800,Giuseppe Greco,Pro - 6,6
83,13.09-10 18:45:02.011508,1801,Lucas Floriano De Souza,Pro - 13,6
83,13.09-10 18:45:02.011508,1802,Gianluca Bini,Pro - 16,6
83,13.09-10 18:45:02.011508,1803,Ben Gladwyn,Pro - 23,6
83,13.09-10 18:45:02.011508,1804,Amitesh Patnaik,Pro - 24,6
83,13.09-10 18:45:02.011508,1833,Rodrigo Campos,Pro - 17,6
83,13.09-10 18:45:02.011508,1834,Samuel Kou,Pro - 18,6
83,13.09-10 18:45:02.011508,1835,Alexandre Martins,Pro - 25,6
83,13.09-10 18:45:02.011508,1836,Craig Templeman,Pro - 25,6
83,13.09-10 18:45:02.011508,1862,Joe Meal,Pro - 4,6
83,13.09-10 18:45:02.011508,1863,Marcin Gala,Pro - 5,6
83,13.09-10 18:45:02.011508,1864,Andrea Gaggino,Pro - 7,6
83,13.09-10 18:45:02.011508,1865,Eduardo Hoepers,Pro - 9,6
83,13.09-10 18:45:02.011508,1866,Matias Figuera,Pro - 12,6
83,13.09-10 18:45:02.011508,1867,William Pickering,Pro - 14,6
83,13.09-10 18:45:02.011508,1868,Renan Henrique,Pro - 25,6
83,13.09-10 18:45:02.011508,1869,Maciej Rabiński,Pro - 25,6
83,13.09-10 18:45:02.011508,1887,Amato Batoni,Pro - 8,6
83,13.09-10 18:45:02.011508,1888,Julio Asencio,Pro - 11,6
83,13.09-10 18:45:02.011508,1889,Jesus Rebolledo,Pro - 12,6
83,13.09-10 18:45:02.011508,1909,Yasin Yazici,Pro - 2,6
83,13.09-10 18:45:02.011508,1910,Hajdú László,Pro - 12,6
83,13.09-10 18:45:02.011508,1911,Giovanni Bertolo,Pro - 16,6
83,13.09-10 18:45:02.011508,1912,Márcio Portuga,Pro - 17,6
83,13.09-10 18:45:02.011508,1913,Giovanni Farina,Pro - 21,6
83,13.09-10 18:45:02.011508,1937,Dejan Petrović,Master - 3,6
83,13.09-10 18:45:02.011508,1938,Francesco Fondelli,Pro - 3,6
83,13.09-10 18:45:02.011508,1939,Paweł Markiewicz,Pro - 5,6
83,13.09-10 18:45:02.011508,1940,Giuseppe Lombisani,Pro - 7,6
83,13.09-10 18:45:02.011508,1941,Erhan Erdikmen,Pro - 9,6
83,13.09-10 18:45:02.011508,1942,Vittorio Mati,Pro - 9,6
83,13.09-10 18:45:02.011508,1943,Roman Alatyrtsev,Pro - 10,6
83,13.09-10 18:45:02.011508,1944,Eric Bolder,Pro - 10,6
83,13.09-10 18:45:02.011508,1945,Pedro Jose Moreno,Pro - 15,6
83,13.09-10 18:45:02.011508,1946,Pekka Kumpula,Pro - 16,6
83,13.09-10 18:45:02.011508,1947,Jean-Maxime Trucon,Pro - 23,6
83,13.09-10 18:45:02.011508,1948,Luis Ascencio,Pro - 24,6
83,13.09-10 18:45:02.011508,1986,Todor Mitev,Pro - 8,6
83,13.09-10 18:45:02.011508,1987,Rick Queary,Pro - 11,6
83,13.09-10 18:45:02.011508,1988,Slobodan Bulic,Pro - 18,6
83,13.09-10 18:45:02.011508,1989,Matheus Cordeiro,Pro - 20,6
83,13.09-10 18:45:02.011508,1990,Herve Imbert,Pro - 20,6
83,13.09-10 18:45:02.011508,2023,Antonio Guzzo,Pro - 5,6
83,13.09-10 18:45:02.011508,2024,Salvatore Andretti,Pro - 6,6
83,13.09-10 18:45:02.011508,2025,Mike Osintsev,Pro - 11,6
83,13.09-10 18:45:02.011508,2026,Jonathan Flament,Pro - 12,6
83,13.09-10 18:45:02.011508,2027,Eddy Kobayashi,Pro - 13,6
83,13.09-10 18:45:02.011508,2028,Alejo Depipol,Pro - 16,6
83,13.09-10 18:45:02.011508,2029,Fred Vautrin,Pro - 18,6
83,13.09-10 18:45:02.011508,2030,Krzysztof Betlewicz,Pro - 24,6
83,13.09-10 18:45:02.011508,2051,Mike Leone,Pro - 1,6
83,13.09-10 18:45:02.011508,2052,Paweł Dylewski,Pro - 11,6
83,13.09-10 18:45:02.011508,2053,Yura Murashko,Pro - 18,6
83,13.09-10 18:45:02.011508,2089,Adam Pilo,Pro - 20,6
83,13.09-10 18:45:02.011508,2090,Ioannis Dimitroglou,Pro - 22,6
83,13.09-10 18:45:02.011508,2117,Felipe Daniel,Pro - 2,6
83,13.09-10 18:45:02.011508,2118,Melissa Martin,Pro - 2,6
83,13.09-10 18:45:02.011508,2119,Cristiano Gruetzmann,Pro - 5,6
83,13.09-10 18:45:02.011508,2120,Regis Rodrigues,Pro - 5,6
83,13.09-10 18:45:02.011508,2121,Golberto Junior,Pro - 6,6
83,13.09-10 18:45:02.011508,2122,Pedro Marques,Pro - 7,6
83,13.09-10 18:45:02.011508,2123,Vitor Novo,Pro - 7,6
83,13.09-10 18:45:02.011508,2124,Paulo Morgado,Pro - 14,6
83,13.09-10 18:45:02.011508,2158,Viktor Dyankov,Master - 4,6
83,13.09-10 18:45:02.011508,2159,Joshua King,Pro - 1,6
83,13.09-10 18:45:02.011508,2160,Marco Bergoglio,Pro - 4,6
83,13.09-10 18:45:02.011508,2161,Joabe Reis Silva,Pro - 12,6
83,13.09-10 18:45:02.011508,2162,Miguel Queiroz,Pro - 13,6
83,13.09-10 18:45:02.011508,2163,Gorka Bollo,Pro - 18,6
83,13.09-10 18:45:02.011508,2193,Sergio Tejero,Pro - 1,6
83,13.09-10 18:45:02.011508,2194,Rafael Zambrano,Pro - 1,6
83,13.09-10 18:45:02.011508,2195,Eric Petroni,Pro - 2,6
83,13.09-10 18:45:02.011508,2196,Plamen Iliev,Pro - 3,6
83,13.09-10 18:45:02.011508,2197,Gianluca Andriolo,Pro - 7,6
83,13.09-10 18:45:02.011508,2198,Róbert Orosz,Pro - 13,6
83,13.09-10 18:45:02.011508,2199,Hristo Kantarev,Pro - 18,6
83,13.09-10 18:45:02.011508,2200,Mark Blackwell,Pro - 24,6
83,13.09-10 18:45:02.011508,2226,Michele Balboni,Master - 3,6
83,13.09-10 18:45:02.011508,2227,Simone Rossi,Pro - 10,6
83,13.09-10 18:45:02.011508,2249,Chris Flamion,Pro - 3,6
83,13.09-10 18:45:02.011508,2250,Martin Urtubey,Pro - 6,6
83,13.09-10 18:45:02.011508,2251,Marcos Vinicius Silva,Pro - 8,6
83,13.09-10 18:45:02.011508,2252,Fabio Maniscalco,Pro - 10,6
83,13.09-10 18:45:02.011508,2253,Reimo Kochwatsch,Pro - 16,6
83,13.09-10 18:45:02.011508,2291,Mirco Baldini,Master - 2,6
83,13.09-10 18:45:02.011508,2292,Mario Chiesa,Pro - 4,6
83,13.09-10 18:45:02.011508,2293,Christian Bernhard,Pro - 5,6
83,13.09-10 18:45:02.011508,2294,Pavel Šťastný,Pro - 21,6
83,13.09-10 18:45:02.011508,2295,Anibal Conosciuto,Pro - 23,6
83,13.09-10 18:45:02.011508,2328,Alessandro Campanella,Master - 3,6
83,13.09-10 18:45:02.011508,2329,Nigel Donovan,Pro - 1,6
83,13.09-10 18:45:02.011508,2330,Svetoslav Dimitrov,Pro - 6,6
83,13.09-10 18:45:02.011508,2331,Marco Pomes,Pro - 18,6
83,13.09-10 18:45:02.011508,2358,Damián Almada,Pro - 2,6
83,13.09-10 18:45:02.011508,2359,Sebastian Jóźwiak,Pro - 4,6
83,13.09-10 18:45:02.011508,2360,Luce Roso,Pro - 17,6
83,13.09-10 18:45:02.011508,2428,Enrico Canino,Pro - 11,6
83,13.09-10 18:45:02.011508,2468,Denis Titov,Master - 5,6
83,13.09-10 18:45:02.011508,2469,Robert Punt,Pro - 1,6
83,13.09-10 18:45:02.011508,2470,Johny Prates,Pro - 7,6
83,13.09-10 18:45:02.011508,2471,Giovanni Barzaghi,Pro - 13,6
83,13.09-10 18:45:02.011508,2472,Ondřej Haška,Pro - 16,6
83,13.09-10 18:45:02.011508,2473,Filip Jadroň,Pro - 18,6
83,13.09-10 18:45:02.011508,2474,Maickson Neiben,Pro - 24,6
83,13.09-10 18:45:02.011508,2506,Gabriele Galanti,Pro - 11,6
83,13.09-10 18:45:02.011508,2507,Sergey Ryabov,Pro - 12,6
83,13.09-10 18:45:02.011508,2543,Miguel Ibarra,Pro - 6,6
83,13.09-10 18:45:02.011508,2544,Marko Paukku,Pro - 13,6
83,13.09-10 18:45:02.011508,2545,Uilton Santos,Pro - 15,6
83,13.09-10 18:45:02.011508,2546,Joaquin Cardinali,Pro - 19,6
83,13.09-10 18:45:02.011508,2547,Kerem Arslanli,Pro - 21,6
83,13.09-10 18:45:02.011508,2575,Ivan Ciric,Pro - 3,6
83,13.09-10 18:45:02.011508,2576,Marek Nowak,Pro - 3,6
83,13.09-10 18:45:02.011508,2577,Frederic Estellon,Pro - 4,6
83,13.09-10 18:45:02.011508,2578,Xavier Porta,Pro - 6,6
83,13.09-10 18:45:02.011508,2579,Raffaele Bevacqua,Pro - 9,6
83,13.09-10 18:45:02.011508,2580,Alexandre Braga,Pro - 9,6
83,13.09-10 18:45:02.011508,2581,Wendell Kill,Pro - 20,6
83,13.09-10 18:45:02.011508,2623,Eligio Celis,Pro - 7,6
83,13.09-10 18:45:02.011508,2624,Jiří Burda,Pro - 17,6
83,13.09-10 18:45:02.011508,2625,Felype Mattos,Pro - 22,6
83,13.09-10 18:45:02.011508,2626,Vedat Tumur,Pro - 24,6
83,13.09-10 18:45:02.011508,2654,Paulo Neves,Master - 1,5
83,13.09-10 18:45:02.011508,2655,Rafael Talaisys,Pro - 18,5
83,13.09-10 18:45:02.011508,2687,Jorge Hora,Pro - 5,5
83,13.09-10 18:45:02.011508,2688,Mariano Seeber,Pro - 18,5
83,13.09-10 18:45:02.011508,2709,Jilsepe Oliveira,Pro - 1,5
83,13.09-10 18:45:02.011508,2710,Claudemar Teichmann,Pro - 1,5
83,13.09-10 18:45:02.011508,2711,Diogo Abdalla,Pro - 4,5
83,13.09-10 18:45:02.011508,2712,Bastien Bellier,Pro - 5,5
83,13.09-10 18:45:02.011508,2713,Tom Griessmann,Pro - 5,5
83,13.09-10 18:45:02.011508,2714,Boris Schizzarotto,Pro - 18,5
83,13.09-10 18:45:02.011508,2746,Francesco Finazzi,Pro - 2,5
83,13.09-10 18:45:02.011508,2747,Bruno Marques,Pro - 2,5
83,13.09-10 18:45:02.011508,2748,Olivier Proulx,Pro - 13,5
83,13.09-10 18:45:02.011508,2749,Toni Söyrinki,Pro - 23,5
83,13.09-10 18:45:02.011508,2774,Daniel Stack,Pro - 3,5
83,13.09-10 18:45:02.011508,2775,Raymon Garcia,Pro - 6,5
83,13.09-10 18:45:02.011508,2776,Matthias Wegener,Pro - 11,5
83,13.09-10 18:45:02.011508,2777,Pablo Lopez,Pro - 12,5
83,13.09-10 18:45:02.011508,2778,Dimitrios Mitsos,Pro - 25,5
83,13.09-10 18:45:02.011508,2809,Alberto Osio,Pro - 7,5
83,13.09-10 18:45:02.011508,2810,Igor Stuparić,Pro - 15,5
83,13.09-10 18:45:02.011508,2811,Jonathan Beagles,Pro - 20,5
83,13.09-10 18:45:02.011508,2812,Sebastian Cucciardi,Pro - 20,5
83,13.09-10 18:45:02.011508,2834,Alan Horsley,Pro - 4,5
83,13.09-10 18:45:02.011508,2835,Antonio Celso Zambel,Pro - 25,5
83,13.09-10 18:45:02.011508,2869,Elvis Agassi,Pro - 2,5
83,13.09-10 18:45:02.011508,2870,Ricardo Todd,Pro - 20,5
83,13.09-10 18:45:02.011508,2896,Leo Leal,Master - 4,5
83,13.09-10 18:45:02.011508,2897,Andrey Kozlov,Pro - 14,5
83,13.09-10 18:45:02.011508,2932,Juan Farias,Pro - 12,5
83,13.09-10 18:45:02.011508,2965,Danismar Limoeiro,Pro - 4,5
83,13.09-10 18:45:02.011508,2966,Giuseppe Carlomagno,Pro - 8,5
83,13.09-10 18:45:02.011508,2967,Bernardo Folhadela,Pro - 8,5
83,13.09-10 18:45:02.011508,2968,Kyle Morby,Pro - 14,5
83,13.09-10 18:45:02.011508,2969,Ivica Maričević,Pro - 20,5
83,13.09-10 18:45:02.011508,2995,Federico Mantica,Pro - 9,5
83,13.09-10 18:45:02.011508,2996,Danilo Alberghetti,Pro - 14,5
83,13.09-10 18:45:02.011508,3027,Fabri Silva,Pro - 20,5
83,13.09-10 18:45:02.011508,3052,Leandro Hernandez,Pro - 25,5
83,13.09-10 18:45:02.011508,3117,Horia Garbacea,Pro - 3,5
83,13.09-10 18:45:02.011508,3118,Billy Van Der Merwe,Pro - 17,5
83,13.09-10 18:45:02.011508,3146,Lajos Urbán,Pro - 5,5
83,13.09-10 18:45:02.011508,3147,Wopke Hoekstra,Pro - 10,5
83,13.09-10 18:45:02.011508,3148,Erwin Verkade,Pro - 15,5
83,13.09-10 18:45:02.011508,3149,Angelo Bassi,Pro - 19,5
83,13.09-10 18:45:02.011508,3174,Arttu Korhonen,Pro - 1,5
83,13.09-10 18:45:02.011508,3175,Manuel Sacco,Pro - 7,5
83,13.09-10 18:45:02.011508,3176,Fredrik Wall,Pro - 8,5
83,13.09-10 18:45:02.011508,3177,Shanhan Bonham,Pro - 17,5
83,13.09-10 18:45:02.011508,3178,Cosimo Salatino,Pro - 17,5
83,13.09-10 18:45:02.011508,3214,Didier Cave,Pro - 2,5
83,13.09-10 18:45:02.011508,3240,Thomas Uvyn,Pro - 7,5
83,13.09-10 18:45:02.011508,3241,Diego Garcia,Pro - 8,5
83,13.09-10 18:45:02.011508,3242,Dan Currie,Pro - 18,5
83,13.09-10 18:45:02.011508,3265,Mark Eadie,Pro - 24,5
83,13.09-10 18:45:02.011508,3285,Jim Becker,Pro - 8,5
83,13.09-10 18:45:02.011508,3312,Ivica Paunovic,Pro - 24,5
83,13.09-10 18:45:02.011508,3333,Liudvikas Selmistraitis,Pro - 3,5
83,13.09-10 18:45:02.011508,3334,Ville Pohjanen,Pro - 22,5
83,13.09-10 18:45:02.011508,3395,Nicolas Grollier,Pro - 3,5
83,13.09-10 18:45:02.011508,3396,Sebastián Acosta,Pro - 15,5
83,13.09-10 18:45:02.011508,3397,Sheldon Van Zyl,Pro - 24,5
83,13.09-10 18:45:02.011508,3448,Ahmad Aloulou,Pro - 12,5
83,13.09-10 18:45:02.011508,3449,Thiago Cristofolini,Pro - 14,5
83,13.09-10 18:45:02.011508,3450,Montes Dimemola,Pro - 22,5
83,13.09-10 18:45:02.011508,3502,Lance Snyder,Pro - 6,5
83,13.09-10 18:45:02.011508,3503,Erique Souza,Pro - 7,5
83,13.09-10 18:45:02.011508,3533,Roni Moura,Pro - 22,5
83,13.09-10 18:45:02.011508,3534,Fabio Cavallini,Pro - 23,5
83,13.09-10 18:45:02.011508,3567,Ryan Tyrrell,Master - 2,5
83,13.09-10 18:45:02.011508,3568,Reinaldo Beato,Pro - 25,5
83,13.09-10 18:45:02.011508,3600,Andrew Lane,Pro - 6,5
83,13.09-10 18:45:02.011508,3601,Filippo Latino,Pro - 12,5
83,13.09-10 18:45:02.011508,3618,Michele Brambilla,Pro - 13,5
83,13.09-10 18:45:02.011508,3746,Alexander Rowlands,Pro - 4,5
83,13.09-10 18:45:02.011508,3785,Matthew Smith,Pro - 12,5
83,13.09-10 18:45:02.011508,3786,Josep Meyer,Pro - 22,5
83,13.09-10 18:45:02.011508,3869,Rudy Garriga,Pro - 25,4
83,13.09-10 18:45:02.011508,3970,Stefano Verderio,Pro - 17,4
83,13.09-10 18:45:02.011508,4103,Sam Le Meur,Master - 3,4
83,13.09-10 18:45:02.011508,4104,Chris Englund,Pro - 2,4
83,13.09-10 18:45:02.011508,4192,Joseph Bada,Pro - 11,4
83,13.09-10 18:45:02.011508,4304,Enzo Di Meo,Pro - 24,4
83,13.09-10 18:45:02.011508,4367,Harri Pakosta,Pro - 22,4
83,13.09-10 18:45:02.011508,4397,Alexandre Andrade,Pro - 16,4
83,13.09-10 18:45:02.011508,4444,Ricardo Vidal,Pro - 12,4
83,13.09-10 18:45:02.011508,4530,Geoffrey Novais,Pro - 22,4
83,13.09-10 18:45:02.011508,4642,Nenad Samardžić,Pro - 20,4
83,13.09-10 18:45:02.011508,4746,Naad Lamsui,Pro - 2,4
83,13.09-10 18:45:02.011508,5129,Sergio Alvarez Gutierrez,Pro - 1,3
83,13.09-10 18:45:02.011508,5591,Dmitry Kuznetsov,Pro - 20,3
83,13.09-10 18:45:02.011508,5827,Kaspar Marcus Paukson,Master - 3,3
83,13.09-10 18:45:02.011508,6021,Jonas Karalius,Pro - 18,2
83,13.09-10 18:45:02.011508,6176,Jeffrey Decoopman,Pro - 24,2
83,13.09-10 18:45:02.011508,6185,Bruno Cestino,Pro - 23,2
83,13.09-10 18:45:02.011508,6472,Mario Molina,Pro - 22,2
83,13.09-10 18:45:02.011508,6940,Michele Tramontano,Pro - 8,1
